timestamp,queue_backlog_rate_per_min,job_retries_per_min,job_failures_per_min
2025-09-16 10:26:00+00:00,-0.47880567265287055,0,0
2025-09-16 10:27:00+00:00,-0.6174593205952515,1,0
2025-09-16 10:28:00+00:00,-0.3998217467722356,1,0
2025-09-16 10:29:00+00:00,-0.5691292978181534,1,0
2025-09-16 10:30:00+00:00,-0.3815556113019054,0,0
2025-09-16 10:31:00+00:00,-0.5082295037116886,0,0
2025-09-16 10:32:00+00:00,-0.5147990434897578,1,0
2025-09-16 10:33:00+00:00,-0.6514608322178712,2,0
2025-09-16 10:34:00+00:00,-0.5172560401129014,0,0
2025-09-16 10:35:00+00:00,-0.5039487907291129,1,0
2025-09-16 10:36:00+00:00,-0.5535554851055566,1,0
2025-09-16 10:37:00+00:00,-0.47973985638001515,0,0
2025-09-16 10:38:00+00:00,-0.3620733616724401,1,0
2025-09-16 10:39:00+00:00,-0.41265209563288496,1,0
2025-09-16 10:40:00+00:00,-0.42823365261045365,1,0
2025-09-16 10:41:00+00:00,-0.5439396376850137,0,0
2025-09-16 10:42:00+00:00,-0.46162900212655356,0,0
2025-09-16 10:43:00+00:00,-0.5199873106186086,1,0
2025-09-16 10:44:00+00:00,-0.3664873392100302,1,0
2025-09-16 10:45:00+00:00,-0.4773011364811795,0,0
2025-09-16 10:46:00+00:00,-0.5415330330519023,1,0
2025-09-16 10:47:00+00:00,-0.6337818861158844,2,0
2025-09-16 10:48:00+00:00,-0.6458202674240469,0,0
2025-09-16 10:49:00+00:00,-0.41853767243727785,2,0
2025-09-16 10:50:00+00:00,-0.5130592746166944,1,0
2025-09-16 10:51:00+00:00,-0.48831912898436647,1,0
2025-09-16 10:52:00+00:00,-0.42089229566500347,1,0
2025-09-16 10:53:00+00:00,-0.6180500383309214,1,0
2025-09-16 10:54:00+00:00,-0.5287121336777525,1,0
2025-09-16 10:55:00+00:00,-0.5897480357668508,0,0
2025-09-16 10:56:00+00:00,-0.33174195013154184,0,0
2025-09-16 10:57:00+00:00,-0.5011572771735255,0,0
2025-09-16 10:58:00+00:00,-0.6213107197793751,1,0
2025-09-16 10:59:00+00:00,-0.5633654616137937,0,0
2025-09-16 11:00:00+00:00,-0.6791007096221975,1,0
2025-09-16 11:01:00+00:00,-0.4216992903816979,1,0
2025-09-16 11:02:00+00:00,-0.47410184181771803,0,0
2025-09-16 11:03:00+00:00,-0.629154270899864,1,0
2025-09-16 11:04:00+00:00,-0.5040920905629687,1,0
2025-09-16 11:05:00+00:00,-0.48581686037661975,1,0
2025-09-16 11:06:00+00:00,-0.45313203514769373,1,0
2025-09-16 11:07:00+00:00,-0.6191182671998665,0,0
2025-09-16 11:08:00+00:00,-0.5512146216409398,2,0
2025-09-16 11:09:00+00:00,-0.4672712274137455,1,0
2025-09-16 11:10:00+00:00,-0.5292608393395577,0,0
2025-09-16 11:11:00+00:00,-0.614346607639154,0,0
2025-09-16 11:12:00+00:00,-0.4466446181017195,0,0
2025-09-16 11:13:00+00:00,-0.4662358518889763,0,0
2025-09-16 11:14:00+00:00,-0.5166908002308725,0,0
2025-09-16 11:15:00+00:00,-0.42098563341681716,2,0
2025-09-16 11:16:00+00:00,-0.5634711407840933,0,0
2025-09-16 11:17:00+00:00,-0.5684427732063208,0,0
2025-09-16 11:18:00+00:00,-0.41172099703018855,0,0
2025-09-16 11:19:00+00:00,-0.4494204473505513,0,0
2025-09-16 11:20:00+00:00,-0.5529498916278586,0,0
2025-09-16 11:21:00+00:00,-0.5303123359289468,1,0
2025-09-16 11:22:00+00:00,-0.54881356435792,1,0
2025-09-16 11:23:00+00:00,-0.3383233087943164,0,0
2025-09-16 11:24:00+00:00,-0.4496972460228389,1,0
2025-09-16 11:25:00+00:00,-0.4245688683380425,0,0
2025-09-16 11:26:00+00:00,-0.5303976806714022,0,0
2025-09-16 11:27:00+00:00,-0.683827172379796,1,0
2025-09-16 11:28:00+00:00,-0.6513717527890536,1,0
2025-09-16 11:29:00+00:00,-0.5311386394347729,0,0
2025-09-16 11:30:00+00:00,-0.5128903029248072,0,0
2025-09-16 11:31:00+00:00,-0.40643631482900033,0,0
2025-09-16 11:32:00+00:00,-0.43892414787337153,0,0
2025-09-16 11:33:00+00:00,-0.3896600153054199,0,0
2025-09-16 11:34:00+00:00,-0.587976425051342,0,0
2025-09-16 11:35:00+00:00,-0.4667174695262374,1,0
2025-09-16 11:36:00+00:00,-0.5792840268114701,1,0
2025-09-16 11:37:00+00:00,-0.5546180886080566,0,0
2025-09-16 11:38:00+00:00,-0.43309209420256567,1,0
2025-09-16 11:39:00+00:00,-0.4993177928023969,0,0
2025-09-16 11:40:00+00:00,-0.4685846005098647,1,0
2025-09-16 11:41:00+00:00,-0.46640967498582914,0,0
2025-09-16 11:42:00+00:00,-0.46304951070282624,1,0
2025-09-16 11:43:00+00:00,-0.620518551275878,1,0
2025-09-16 11:44:00+00:00,-0.5136386328609499,1,0
2025-09-16 11:45:00+00:00,-0.4618716125726967,0,0
2025-09-16 11:46:00+00:00,-0.4843713785131919,2,0
2025-09-16 11:47:00+00:00,-0.620993267685216,1,0
2025-09-16 11:48:00+00:00,-0.45684423048352685,0,0
2025-09-16 11:49:00+00:00,-0.4496449984860327,0,0
2025-09-16 11:50:00+00:00,-0.5654927061445795,1,0
2025-09-16 11:51:00+00:00,-0.42290295412956963,0,0
2025-09-16 11:52:00+00:00,-0.46838366360858374,1,0
2025-09-16 11:53:00+00:00,-0.44628508549871293,1,0
2025-09-16 11:54:00+00:00,-0.42219442016152753,1,0
2025-09-16 11:55:00+00:00,-0.4922784717019265,0,0
2025-09-16 11:56:00+00:00,-0.6152705144768642,1,0
2025-09-16 11:57:00+00:00,-0.3549035456595898,1,0
2025-09-16 11:58:00+00:00,-0.425004774434359,2,0
2025-09-16 11:59:00+00:00,-0.6398194992973391,0,0
2025-09-16 12:00:00+00:00,-0.42710528167731543,0,0
2025-09-16 12:01:00+00:00,-0.4492826365075206,0,0
2025-09-16 12:02:00+00:00,-0.41840114952673585,0,0
2025-09-16 12:03:00+00:00,-0.4080047671290943,1,0
2025-09-16 12:04:00+00:00,-0.6744694721812189,1,0
2025-09-16 12:05:00+00:00,-0.35887872710516333,1,0
2025-09-16 12:06:00+00:00,-0.6262732530010977,0,0
2025-09-16 12:07:00+00:00,-0.4535274472398565,1,0
2025-09-16 12:08:00+00:00,-0.570335859553042,0,0
2025-09-16 12:09:00+00:00,-0.3759709569905012,0,0
2025-09-16 12:10:00+00:00,-0.474301600647454,1,0
2025-09-16 12:11:00+00:00,-0.4155080708816128,0,0
2025-09-16 12:12:00+00:00,-0.45752628167037734,1,0
2025-09-16 12:13:00+00:00,-0.40384507120080637,1,0
2025-09-16 12:14:00+00:00,-0.5631278241180884,0,0
2025-09-16 12:15:00+00:00,-0.46077518533292205,1,0
2025-09-16 12:16:00+00:00,-0.5698538748087982,1,0
2025-09-16 12:17:00+00:00,-0.5158624021678663,0,0
2025-09-16 12:18:00+00:00,-0.3804994940644062,1,0
2025-09-16 12:19:00+00:00,-0.6432683040198413,0,0
2025-09-16 12:20:00+00:00,-0.46699384703724467,0,0
2025-09-16 12:21:00+00:00,-0.45219232277064325,0,0
2025-09-16 12:22:00+00:00,-0.4516828464374061,1,0
2025-09-16 12:23:00+00:00,-0.5199208145901296,2,0
2025-09-16 12:24:00+00:00,-0.4332273973389845,0,0
2025-09-16 12:25:00+00:00,-0.43918283567624533,2,0
2025-09-16 12:26:00+00:00,-0.4359140212678388,0,0
2025-09-16 12:27:00+00:00,-0.4645239350842183,0,0
2025-09-16 12:28:00+00:00,-0.5534810274059893,1,0
2025-09-16 12:29:00+00:00,-0.5038980202421818,0,0
2025-09-16 12:30:00+00:00,-0.5524005836311914,0,0
2025-09-16 12:31:00+00:00,-0.4646455036170649,0,0
2025-09-16 12:32:00+00:00,-0.3864583649308386,2,0
2025-09-16 12:33:00+00:00,-0.5626098286593638,1,0
2025-09-16 12:34:00+00:00,-0.5975233958632201,0,0
2025-09-16 12:35:00+00:00,-0.4535413528813551,0,0
2025-09-16 12:36:00+00:00,-0.6012074657733258,0,0
2025-09-16 12:37:00+00:00,-0.3801234950018515,1,0
2025-09-16 12:38:00+00:00,-0.5443804912602372,0,0
2025-09-16 12:39:00+00:00,-0.4303306351749135,1,0
2025-09-16 12:40:00+00:00,-0.5201558470681483,1,0
2025-09-16 12:41:00+00:00,-0.42823673574739657,0,0
2025-09-16 12:42:00+00:00,-0.3172480617468113,1,0
2025-09-16 12:43:00+00:00,-0.4267397115851205,1,0
2025-09-16 12:44:00+00:00,-0.589837511990953,2,0
2025-09-16 12:45:00+00:00,-0.4788488868008022,1,0
2025-09-16 12:46:00+00:00,-0.5132720108949833,0,0
2025-09-16 12:47:00+00:00,-0.3357806406254262,1,0
2025-09-16 12:48:00+00:00,-0.5740444294111513,1,0
2025-09-16 12:49:00+00:00,-0.403227507463305,1,0
2025-09-16 12:50:00+00:00,-0.3560949423895581,1,0
2025-09-16 12:51:00+00:00,-0.472906465683983,2,0
2025-09-16 12:52:00+00:00,-0.5609355648733126,0,0
2025-09-16 12:53:00+00:00,-0.5777680342800912,0,0
2025-09-16 12:54:00+00:00,-0.5090529835395471,0,0
2025-09-16 12:55:00+00:00,-0.5707510852797621,0,0
2025-09-16 12:56:00+00:00,-0.4284340532113002,1,0
2025-09-16 12:57:00+00:00,-0.4632668522377398,0,0
2025-09-16 12:58:00+00:00,-0.5279399486986841,1,0
2025-09-16 12:59:00+00:00,-0.5016490575166821,1,0
2025-09-16 13:00:00+00:00,-0.49232437833180187,0,0
2025-09-16 13:01:00+00:00,-0.5310709378100238,1,0
2025-09-16 13:02:00+00:00,-0.39821773036732144,0,0
2025-09-16 13:03:00+00:00,-0.6681281235315759,1,0
2025-09-16 13:04:00+00:00,-0.621497238182967,1,0
2025-09-16 13:05:00+00:00,-0.4432528730504629,1,0
2025-09-16 13:06:00+00:00,-0.6392657817753665,0,0
2025-09-16 13:07:00+00:00,-0.5259193782450442,1,0
2025-09-16 13:08:00+00:00,-0.5037769687314064,0,0
2025-09-16 13:09:00+00:00,-0.48978887142499083,2,0
2025-09-16 13:10:00+00:00,-0.6668045236217397,0,0
2025-09-16 13:11:00+00:00,-0.45345884309246104,1,0
2025-09-16 13:12:00+00:00,-0.39903399100888354,0,0
2025-09-16 13:13:00+00:00,-0.5554107097042021,0,0
2025-09-16 13:14:00+00:00,-0.5085721472382532,1,0
2025-09-16 13:15:00+00:00,-0.5056599618682468,0,0
2025-09-16 13:16:00+00:00,-0.562789580156358,2,0
2025-09-16 13:17:00+00:00,-0.5294379657884416,0,0
2025-09-16 13:18:00+00:00,-0.6005553233016683,1,0
2025-09-16 13:19:00+00:00,-0.5962351128803052,1,0
2025-09-16 13:20:00+00:00,-0.549349859272964,1,0
2025-09-16 13:21:00+00:00,-0.4655325772006186,1,0
2025-09-16 13:22:00+00:00,-0.5861270601618899,0,0
2025-09-16 13:23:00+00:00,-0.4760233697805175,0,0
2025-09-16 13:24:00+00:00,-0.4567932546433835,1,0
2025-09-16 13:25:00+00:00,-0.586801796245807,0,0
2025-09-16 13:26:00+00:00,-0.3425712217817212,1,0
2025-09-16 13:27:00+00:00,-0.4622152709893137,1,0
2025-09-16 13:28:00+00:00,-0.6364857338438838,0,0
2025-09-16 13:29:00+00:00,-0.339788943187057,1,0
2025-09-16 13:30:00+00:00,-0.3910597136475692,0,0
2025-09-16 13:31:00+00:00,-0.5268521537804214,0,0
2025-09-16 13:32:00+00:00,-0.4649965846642829,0,0
2025-09-16 13:33:00+00:00,-0.5897094508880857,2,0
2025-09-16 13:34:00+00:00,-0.36531044082756836,0,0
2025-09-16 13:35:00+00:00,-0.5206442366935233,0,0
2025-09-16 13:36:00+00:00,-0.42569460601650727,0,0
2025-09-16 13:37:00+00:00,-0.438801883614912,0,0
2025-09-16 13:38:00+00:00,-0.5006372044143983,0,0
2025-09-16 13:39:00+00:00,-0.6290039482637781,0,0
2025-09-16 13:40:00+00:00,-0.31509862122708326,0,0
2025-09-16 13:41:00+00:00,-0.4192170517659285,1,0
2025-09-16 13:42:00+00:00,-0.44712101135132165,1,0
2025-09-16 13:43:00+00:00,-0.38431137848644337,0,0
2025-09-16 13:44:00+00:00,-0.5247626793004003,1,0
2025-09-16 13:45:00+00:00,-0.5746400392410067,1,0
2025-09-16 13:46:00+00:00,-0.48751752389259395,0,0
2025-09-16 13:47:00+00:00,-0.5168638092081927,1,0
2025-09-16 13:48:00+00:00,-0.49515467002359426,2,0
2025-09-16 13:49:00+00:00,-0.4181253898873921,0,0
2025-09-16 13:50:00+00:00,-0.42113028647705475,1,0
2025-09-16 13:51:00+00:00,-0.4254062967965797,1,0
2025-09-16 13:52:00+00:00,-0.41273344250107646,1,0
2025-09-16 13:53:00+00:00,-0.5496615822502594,0,0
2025-09-16 13:54:00+00:00,-0.4986768776969077,0,0
2025-09-16 13:55:00+00:00,-0.5965974419447914,1,0
2025-09-16 13:56:00+00:00,-0.39148660357327336,1,0
2025-09-16 13:57:00+00:00,-0.6165102172972403,0,0
2025-09-16 13:58:00+00:00,-0.452652704219046,0,0
2025-09-16 13:59:00+00:00,-0.6441709394647869,2,0
2025-09-16 14:00:00+00:00,-0.6229095292549792,0,0
2025-09-16 14:01:00+00:00,-0.6026318915882716,2,0
2025-09-16 14:02:00+00:00,-0.46668212344988375,1,0
2025-09-16 14:03:00+00:00,-0.421677701550859,2,0
2025-09-16 14:04:00+00:00,-0.43837058427862297,0,0
2025-09-16 14:05:00+00:00,-0.5007484137765089,0,0
2025-09-16 14:06:00+00:00,-0.3889068116369515,0,0
2025-09-16 14:07:00+00:00,-0.4828766293757181,1,0
2025-09-16 14:08:00+00:00,-0.45431724120934064,1,0
2025-09-16 14:09:00+00:00,-0.5346009788391171,1,0
2025-09-16 14:10:00+00:00,-0.47966840768066216,1,0
2025-09-16 14:11:00+00:00,-0.3772835232942502,0,0
2025-09-16 14:12:00+00:00,-0.5263172658777625,1,0
2025-09-16 14:13:00+00:00,-0.632408311911996,1,0
2025-09-16 14:14:00+00:00,-0.5590507300616007,0,0
2025-09-16 14:15:00+00:00,-0.4894139239769051,2,0
2025-09-16 14:16:00+00:00,-0.4233293605945032,0,0
2025-09-16 14:17:00+00:00,-0.5461606242389558,0,0
2025-09-16 14:18:00+00:00,-0.39541629289843605,0,0
2025-09-16 14:19:00+00:00,-0.559141406968705,0,0
2025-09-16 14:20:00+00:00,-0.6223379745403139,1,0
2025-09-16 14:21:00+00:00,-0.6277622777293189,0,0
2025-09-16 14:22:00+00:00,-0.42421313796742777,1,0
2025-09-16 14:23:00+00:00,-0.6250372593958884,1,0
2025-09-16 14:24:00+00:00,-0.438773298613913,2,0
2025-09-16 14:25:00+00:00,-0.5037355388488851,1,0
2025-09-16 14:26:00+00:00,-0.3942095587167844,1,0
2025-09-16 14:27:00+00:00,-0.5635596978800681,1,0
2025-09-16 14:28:00+00:00,-0.4561153957816114,0,0
2025-09-16 14:29:00+00:00,-0.5887768609218577,1,0
2025-09-16 14:30:00+00:00,-0.5816521154075133,0,0
2025-09-16 14:31:00+00:00,-0.6310533298044431,2,0
2025-09-16 14:32:00+00:00,-0.4676796318128511,1,0
2025-09-16 14:33:00+00:00,-0.4924003931418736,0,0
2025-09-16 14:34:00+00:00,-0.4831794537399185,0,0
2025-09-16 14:35:00+00:00,-0.32048104946373923,0,0
2025-09-16 14:36:00+00:00,-0.5033503558191976,0,0
2025-09-16 14:37:00+00:00,-0.3310544207441727,0,0
2025-09-16 14:38:00+00:00,-0.5010453335997159,0,0
2025-09-16 14:39:00+00:00,-0.5611133569754243,0,0
2025-09-16 14:40:00+00:00,-0.5556682142624261,1,0
2025-09-16 14:41:00+00:00,-0.5336022046095594,0,0
2025-09-16 14:42:00+00:00,-0.4585590200956379,0,0
2025-09-16 14:43:00+00:00,-0.3966147263328964,0,0
2025-09-16 14:44:00+00:00,-0.46864829637366034,1,0
2025-09-16 14:45:00+00:00,-0.46734331976987686,0,0
2025-09-16 14:46:00+00:00,-0.6516195204867902,2,0
2025-09-16 14:47:00+00:00,-0.3632239189208871,0,0
2025-09-16 14:48:00+00:00,-0.5263931661650989,2,0
2025-09-16 14:49:00+00:00,-0.4785791293570834,1,0
2025-09-16 14:50:00+00:00,-0.3979502957911473,1,0
2025-09-16 14:51:00+00:00,-0.42172987557224373,1,0
2025-09-16 14:52:00+00:00,-0.647013993000978,1,0
2025-09-16 14:53:00+00:00,-0.6285019188195426,1,0
2025-09-16 14:54:00+00:00,-0.4717871839500458,0,0
2025-09-16 14:55:00+00:00,-0.5753171049363993,1,0
2025-09-16 14:56:00+00:00,-0.5111965445295129,0,0
2025-09-16 14:57:00+00:00,-0.509546151567427,0,0
2025-09-16 14:58:00+00:00,-0.6118736414908682,1,0
2025-09-16 14:59:00+00:00,-0.48107720283984773,2,0
2025-09-16 15:00:00+00:00,-0.487932686264967,0,0
2025-09-16 15:01:00+00:00,-0.5934757810100926,0,0
2025-09-16 15:02:00+00:00,-0.6846536870768625,2,0
2025-09-16 15:03:00+00:00,-0.5743812025107224,0,0
2025-09-16 15:04:00+00:00,-0.4979048364302354,1,0
2025-09-16 15:05:00+00:00,-0.5275449863574999,0,0
2025-09-16 15:06:00+00:00,-0.6543306363435,0,0
2025-09-16 15:07:00+00:00,-0.525532876825064,0,0
2025-09-16 15:08:00+00:00,-0.416854837708044,1,0
2025-09-16 15:09:00+00:00,-0.4095945708775435,0,0
2025-09-16 15:10:00+00:00,-0.4776094491479637,0,0
2025-09-16 15:11:00+00:00,-0.5816618747275634,0,0
2025-09-16 15:12:00+00:00,-0.3959380977828567,0,0
2025-09-16 15:13:00+00:00,-0.5876289841461666,2,0
2025-09-16 15:14:00+00:00,-0.35685726398121276,1,0
2025-09-16 15:15:00+00:00,-0.41923519270760956,1,0
2025-09-16 15:16:00+00:00,-0.5325090839280261,0,0
2025-09-16 15:17:00+00:00,-0.5126363162629929,0,0
2025-09-16 15:18:00+00:00,-0.4768984917053935,0,0
2025-09-16 15:19:00+00:00,-0.45881787689656184,0,0
2025-09-16 15:20:00+00:00,-0.3354545162018706,1,0
2025-09-16 15:21:00+00:00,-0.4970021398152612,1,0
2025-09-16 15:22:00+00:00,-0.5751503044752382,2,0
2025-09-16 15:23:00+00:00,-0.5552230389220966,0,0
2025-09-16 15:24:00+00:00,-0.4401040343170932,1,0
2025-09-16 15:25:00+00:00,-0.31504129978846884,0,0
2025-09-16 15:26:00+00:00,-0.5932850686192831,1,0
2025-09-16 15:27:00+00:00,-0.3705277232561539,1,0
2025-09-16 15:28:00+00:00,-0.39882260729848884,1,0
2025-09-16 15:29:00+00:00,-0.5188973249422676,1,0
2025-09-16 15:30:00+00:00,-0.4986621319405681,0,0
2025-09-16 15:31:00+00:00,-0.6043182780213368,0,0
2025-09-16 15:32:00+00:00,-0.41135593782464025,0,0
2025-09-16 15:33:00+00:00,-0.5635846357496431,0,0
2025-09-16 15:34:00+00:00,-0.48955909972363065,1,0
2025-09-16 15:35:00+00:00,-0.572771725987636,0,0
2025-09-16 15:36:00+00:00,-0.44858255538411107,1,0
2025-09-16 15:37:00+00:00,-0.6263124174540027,2,0
2025-09-16 15:38:00+00:00,-0.5698987387810082,0,0
2025-09-16 15:39:00+00:00,-0.5955275034950659,1,0
2025-09-16 15:40:00+00:00,-0.4600368296750947,0,0
2025-09-16 15:41:00+00:00,-0.49193817510566584,1,0
2025-09-16 15:42:00+00:00,-0.44242384555274983,0,0
2025-09-16 15:43:00+00:00,-0.5771358165988849,1,0
2025-09-16 15:44:00+00:00,-0.4897660779818519,1,0
2025-09-16 15:45:00+00:00,-0.4827501618607366,0,0
2025-09-16 15:46:00+00:00,-0.52429775843616,0,0
2025-09-16 15:47:00+00:00,-0.5816061669257978,1,0
2025-09-16 15:48:00+00:00,-0.6171093354339847,0,0
2025-09-16 15:49:00+00:00,-0.5460373734755226,0,0
2025-09-16 15:50:00+00:00,-0.47067026434070036,1,0
2025-09-16 15:51:00+00:00,-0.4446853122479535,0,0
2025-09-16 15:52:00+00:00,-0.43887514294318597,0,0
2025-09-16 15:53:00+00:00,-0.6407682169100624,1,0
2025-09-16 15:54:00+00:00,-0.481037626970124,1,0
2025-09-16 15:55:00+00:00,-0.6289281894774112,2,0
2025-09-16 15:56:00+00:00,-0.3848807069291643,0,0
2025-09-16 15:57:00+00:00,-0.6461098463236947,1,0
2025-09-16 15:58:00+00:00,-0.5269062098209625,0,0
2025-09-16 15:59:00+00:00,-0.5219913995164108,1,0
2025-09-16 16:00:00+00:00,-0.5100912232928196,0,0
2025-09-16 16:01:00+00:00,-0.6559640513419366,1,0
2025-09-16 16:02:00+00:00,-0.6015308747264655,0,0
2025-09-16 16:03:00+00:00,-0.6275389963361672,1,0
2025-09-16 16:04:00+00:00,-0.48640345190235423,0,0
2025-09-16 16:05:00+00:00,-0.45060732172962614,0,0
2025-09-16 16:06:00+00:00,-0.42849944723865374,1,0
2025-09-16 16:07:00+00:00,-0.5385735658003373,0,0
2025-09-16 16:08:00+00:00,-0.5818507729717335,0,0
2025-09-16 16:09:00+00:00,-0.40565943862993886,1,0
2025-09-16 16:10:00+00:00,-0.43318953287524203,1,0
2025-09-16 16:11:00+00:00,-0.44850738004732044,1,0
2025-09-16 16:12:00+00:00,-0.5106787770301453,1,0
2025-09-16 16:13:00+00:00,-0.49826545399496003,0,0
2025-09-16 16:14:00+00:00,-0.46151700290963293,1,0
2025-09-16 16:15:00+00:00,-0.5464177726388881,1,0
2025-09-16 16:16:00+00:00,-0.44781197524815863,1,0
2025-09-16 16:17:00+00:00,-0.5340316073145595,1,0
2025-09-16 16:18:00+00:00,-0.4031613458455402,1,0
2025-09-16 16:19:00+00:00,-0.43779510186774284,0,0
2025-09-16 16:20:00+00:00,-0.5026304624921107,0,0
2025-09-16 16:21:00+00:00,-0.4836428314721979,0,0
2025-09-16 16:22:00+00:00,-0.6260384097337606,2,0
2025-09-16 16:23:00+00:00,-0.5846669774864756,0,0
2025-09-16 16:24:00+00:00,-0.48663275156869007,0,0
2025-09-16 16:25:00+00:00,-0.5682524400729525,0,0
2025-09-16 16:26:00+00:00,-0.5314513382016958,1,0
2025-09-16 16:27:00+00:00,-0.4508402212709201,0,0
2025-09-16 16:28:00+00:00,-0.4462012404090467,0,0
2025-09-16 16:29:00+00:00,-0.6648126736762705,1,0
2025-09-16 16:30:00+00:00,-0.5620312105817752,1,0
2025-09-16 16:31:00+00:00,-0.46456900619411023,1,0
2025-09-16 16:32:00+00:00,-0.5799499791032252,2,0
2025-09-16 16:33:00+00:00,-0.520226789848452,0,0
2025-09-16 16:34:00+00:00,-0.6060354065190975,0,0
2025-09-16 16:35:00+00:00,-0.3209190478079787,0,0
2025-09-16 16:36:00+00:00,-0.41448368554146897,1,0
2025-09-16 16:37:00+00:00,-0.5120602110359576,1,0
2025-09-16 16:38:00+00:00,-0.4678234751355724,0,0
2025-09-16 16:39:00+00:00,-0.5260535633495345,0,0
2025-09-16 16:40:00+00:00,-0.3332863550579065,1,0
2025-09-16 16:41:00+00:00,-0.6078975286142994,1,0
2025-09-16 16:42:00+00:00,-0.5053889247658842,1,0
2025-09-16 16:43:00+00:00,-0.445185280416545,0,0
2025-09-16 16:44:00+00:00,-0.4260039788250924,1,0
2025-09-16 16:45:00+00:00,-0.4459998931638349,0,0
2025-09-16 16:46:00+00:00,-0.5155823551771942,1,0
2025-09-16 16:47:00+00:00,-0.6329923336970629,0,0
2025-09-16 16:48:00+00:00,-0.4576675881631937,1,0
2025-09-16 16:49:00+00:00,-0.5885399678559822,1,0
2025-09-16 16:50:00+00:00,-0.48798464283965126,0,0
2025-09-16 16:51:00+00:00,-0.4142546926891114,0,0
2025-09-16 16:52:00+00:00,-0.6325026738734835,0,0
2025-09-16 16:53:00+00:00,-0.4939215176134917,0,0
2025-09-16 16:54:00+00:00,-0.4431516383109091,0,0
2025-09-16 16:55:00+00:00,-0.5658967839611028,1,0
2025-09-16 16:56:00+00:00,-0.6078018801730418,0,0
2025-09-16 16:57:00+00:00,-0.5514472581817967,1,0
2025-09-16 16:58:00+00:00,-0.34665884726902574,0,0
2025-09-16 16:59:00+00:00,-0.669985429661183,0,0
2025-09-16 17:00:00+00:00,-0.6047395704514364,1,0
2025-09-16 17:01:00+00:00,-0.5681388704424453,1,0
2025-09-16 17:02:00+00:00,-0.503874525106887,1,0
2025-09-16 17:03:00+00:00,-0.35219729474784145,1,0
2025-09-16 17:04:00+00:00,-0.6491343530018018,1,0
2025-09-16 17:05:00+00:00,-0.62360794501986,0,0
2025-09-16 17:06:00+00:00,-0.5229747097687524,1,0
2025-09-16 17:07:00+00:00,-0.5388000531523409,2,0
2025-09-16 17:08:00+00:00,-0.5641278692753182,1,0
2025-09-16 17:09:00+00:00,-0.5211291214853072,0,0
2025-09-16 17:10:00+00:00,-0.6017673534866339,1,0
2025-09-16 17:11:00+00:00,-0.46944823179378575,0,0
2025-09-16 17:12:00+00:00,-0.4975306985598503,0,0
2025-09-16 17:13:00+00:00,-0.5575371468491787,0,0
2025-09-16 17:14:00+00:00,-0.5128420181193456,0,0
2025-09-16 17:15:00+00:00,-0.501976463990287,0,0
2025-09-16 17:16:00+00:00,-0.34280255025031686,1,0
2025-09-16 17:17:00+00:00,-0.44239372890867523,0,0
2025-09-16 17:18:00+00:00,-0.4404964798257246,1,0
2025-09-16 17:19:00+00:00,-0.519225312014096,0,0
2025-09-16 17:20:00+00:00,-0.3408552089130856,0,0
2025-09-16 17:21:00+00:00,-0.4424561077263154,1,0
2025-09-16 17:22:00+00:00,-0.6382426363427237,1,0
2025-09-16 17:23:00+00:00,-0.5520782130684153,1,0
2025-09-16 17:24:00+00:00,-0.49845045665122817,1,0
2025-09-16 17:25:00+00:00,-0.376587401502253,1,0
2025-09-16 17:26:00+00:00,-0.4584689777039964,0,0
2025-09-16 17:27:00+00:00,-0.5879020040977494,1,0
2025-09-16 17:28:00+00:00,-0.4578669769673442,1,0
2025-09-16 17:29:00+00:00,-0.4861283993151351,0,0
2025-09-16 17:30:00+00:00,-0.503112518261115,0,0
2025-09-16 17:31:00+00:00,-0.5074704677753146,1,0
2025-09-16 17:32:00+00:00,-0.4911180966036222,0,0
2025-09-16 17:33:00+00:00,-0.4583365347094203,0,0
2025-09-16 17:34:00+00:00,-0.6190770101376543,0,0
2025-09-16 17:35:00+00:00,-0.5313619791078243,1,0
2025-09-16 17:36:00+00:00,-0.462878216023243,1,0
2025-09-16 17:37:00+00:00,-0.6043194953042135,1,0
2025-09-16 17:38:00+00:00,-0.5460169382793827,0,0
2025-09-16 17:39:00+00:00,-0.42565262631044104,1,0
2025-09-16 17:40:00+00:00,-0.5177341473646684,0,0
2025-09-16 17:41:00+00:00,-0.370659927410799,1,0
2025-09-16 17:42:00+00:00,-0.4178205544408437,0,0
2025-09-16 17:43:00+00:00,-0.5118258726863198,0,0
2025-09-16 17:44:00+00:00,-0.3595504859623106,1,0
2025-09-16 17:45:00+00:00,-0.3475193640789128,0,0
2025-09-16 17:46:00+00:00,-0.5800762843698689,0,0
2025-09-16 17:47:00+00:00,-0.4247334597307122,0,0
2025-09-16 17:48:00+00:00,-0.5642900439280207,1,0
2025-09-16 17:49:00+00:00,-0.45697634821870214,1,0
2025-09-16 17:50:00+00:00,-0.3835368480222041,1,0
2025-09-16 17:51:00+00:00,-0.5137350461261613,1,0
2025-09-16 17:52:00+00:00,-0.5166909092563484,0,0
2025-09-16 17:53:00+00:00,-0.4795876979976611,0,0
2025-09-16 17:54:00+00:00,-0.4059145050685802,0,0
2025-09-16 17:55:00+00:00,-0.5465141483660458,1,0
2025-09-16 17:56:00+00:00,-0.36149627503091,1,0
2025-09-16 17:57:00+00:00,-0.5053412270942415,2,0
2025-09-16 17:58:00+00:00,-0.4590269549471264,0,0
2025-09-16 17:59:00+00:00,-0.5463733693215052,0,0
2025-09-16 18:00:00+00:00,-0.38980995142054786,0,0
2025-09-16 18:01:00+00:00,-0.5873423310703307,0,0
2025-09-16 18:02:00+00:00,-0.5401072418519604,0,0
2025-09-16 18:03:00+00:00,-0.5109148919783505,1,0
2025-09-16 18:04:00+00:00,-0.4592542426661111,1,0
2025-09-16 18:05:00+00:00,-0.5911582504778262,1,0
2025-09-16 18:06:00+00:00,-0.46476662052402556,0,0
2025-09-16 18:07:00+00:00,-0.4982216386574994,2,0
2025-09-16 18:08:00+00:00,-0.4402594473808258,1,0
2025-09-16 18:09:00+00:00,-0.4300619648672983,0,0
2025-09-16 18:10:00+00:00,-0.36656122210778574,0,0
2025-09-16 18:11:00+00:00,-0.5422831637039387,0,0
2025-09-16 18:12:00+00:00,-0.5970848418457825,0,0
2025-09-16 18:13:00+00:00,-0.48214818584703567,2,0
2025-09-16 18:14:00+00:00,-0.4297836063097292,0,0
2025-09-16 18:15:00+00:00,-0.4937308793647468,0,0
2025-09-16 18:16:00+00:00,-0.47336652354225284,0,0
2025-09-16 18:17:00+00:00,-0.4727250634043341,2,0
2025-09-16 18:18:00+00:00,-0.542131035238992,0,0
2025-09-16 18:19:00+00:00,-0.49871101423669595,0,0
2025-09-16 18:20:00+00:00,-0.4655321245119848,2,0
2025-09-16 18:21:00+00:00,-0.47171097513485233,1,0
2025-09-16 18:22:00+00:00,-0.5002993269492544,1,0
2025-09-16 18:23:00+00:00,-0.4011566916021198,1,0
2025-09-16 18:24:00+00:00,-0.5777254832504706,0,0
2025-09-16 18:25:00+00:00,-0.5280461850159692,1,0
2025-09-16 18:26:00+00:00,-0.36393509580915817,1,0
2025-09-16 18:27:00+00:00,-0.4959169155061686,1,0
2025-09-16 18:28:00+00:00,-0.5139517048303804,1,0
2025-09-16 18:29:00+00:00,-0.4636829776918251,0,0
2025-09-16 18:30:00+00:00,-0.5503893034674059,1,0
2025-09-16 18:31:00+00:00,-0.3716841853075831,1,0
2025-09-16 18:32:00+00:00,-0.46694660616106226,1,0
2025-09-16 18:33:00+00:00,-0.38870644580575736,1,0
2025-09-16 18:34:00+00:00,-0.6324594295569488,1,0
2025-09-16 18:35:00+00:00,-0.5168060428737815,0,0
2025-09-16 18:36:00+00:00,-0.4629776716207681,0,0
2025-09-16 18:37:00+00:00,-0.43262036733330544,1,0
2025-09-16 18:38:00+00:00,-0.6013025705642062,0,0
2025-09-16 18:39:00+00:00,-0.58578448108514,1,0
2025-09-16 18:40:00+00:00,-0.5320638169122796,1,0
2025-09-16 18:41:00+00:00,-0.3856760760850947,0,0
2025-09-16 18:42:00+00:00,-0.6220337102767454,0,0
2025-09-16 18:43:00+00:00,-0.44378365601609926,1,0
2025-09-16 18:44:00+00:00,-0.5071087659255927,1,0
2025-09-16 18:45:00+00:00,-0.42587082644502344,0,0
2025-09-16 18:46:00+00:00,-0.6116414071442854,1,0
2025-09-16 18:47:00+00:00,-0.5979540596014626,0,0
2025-09-16 18:48:00+00:00,-0.4968161038283366,2,0
2025-09-16 18:49:00+00:00,-0.48432160472174846,0,0
2025-09-16 18:50:00+00:00,-0.5762681736582691,0,0
2025-09-16 18:51:00+00:00,-0.5239393861233076,1,0
2025-09-16 18:52:00+00:00,-0.45628041253485957,1,0
2025-09-16 18:53:00+00:00,-0.5349322421265258,0,0
2025-09-16 18:54:00+00:00,-0.5480925030938361,1,0
2025-09-16 18:55:00+00:00,-0.45000581848455823,0,0
2025-09-16 18:56:00+00:00,-0.41326706854206174,1,0
2025-09-16 18:57:00+00:00,-0.39659160076049804,1,0
2025-09-16 18:58:00+00:00,-0.5038000815860798,2,0
2025-09-16 18:59:00+00:00,-0.3362165915469942,1,0
2025-09-16 19:00:00+00:00,-0.4923722777085377,0,0
2025-09-16 19:01:00+00:00,-0.30835131193815846,0,0
2025-09-16 19:02:00+00:00,-0.5759271747864882,0,0
2025-09-16 19:03:00+00:00,-0.5169328447272421,0,0
2025-09-16 19:04:00+00:00,-0.5215777641076939,1,0
2025-09-16 19:05:00+00:00,-0.3880173975025275,1,0
2025-09-16 19:06:00+00:00,-0.35038119721127226,1,0
2025-09-16 19:07:00+00:00,-0.4898103155380278,1,0
2025-09-16 19:08:00+00:00,-0.4674951836028954,1,0
2025-09-16 19:09:00+00:00,-0.41024554746067443,1,0
2025-09-16 19:10:00+00:00,-0.5495815306536371,0,0
2025-09-16 19:11:00+00:00,-0.48049893999848187,1,0
2025-09-16 19:12:00+00:00,-0.6568592524617105,0,0
2025-09-16 19:13:00+00:00,-0.6242193027434833,0,0
2025-09-16 19:14:00+00:00,-0.43361111130171015,1,0
2025-09-16 19:15:00+00:00,-0.4375096816082516,0,0
2025-09-16 19:16:00+00:00,-0.6477771755965305,1,0
2025-09-16 19:17:00+00:00,-0.5206944514936376,1,0
2025-09-16 19:18:00+00:00,-0.39701629176845155,0,0
2025-09-16 19:19:00+00:00,-0.3959228641570156,0,0
2025-09-16 19:20:00+00:00,-0.41428744154801433,0,0
2025-09-16 19:21:00+00:00,-0.4636855005284018,2,0
2025-09-16 19:22:00+00:00,-0.5007616654786484,1,0
2025-09-16 19:23:00+00:00,-0.6462819073439351,0,0
2025-09-16 19:24:00+00:00,-0.4484707059907639,0,0
2025-09-16 19:25:00+00:00,-0.5847683869846529,1,0
2025-09-16 19:26:00+00:00,-0.44923598977259876,0,0
2025-09-16 19:27:00+00:00,-0.442259497186145,0,0
2025-09-16 19:28:00+00:00,-0.3791128113667884,0,0
2025-09-16 19:29:00+00:00,-0.3742864159621188,1,0
2025-09-16 19:30:00+00:00,-0.4807416930821915,1,0
2025-09-16 19:31:00+00:00,-0.36323240972188836,2,0
2025-09-16 19:32:00+00:00,-0.4728174376855002,1,0
2025-09-16 19:33:00+00:00,-0.5765685551556584,1,0
2025-09-16 19:34:00+00:00,-0.47008908379816045,0,0
2025-09-16 19:35:00+00:00,-0.32549089242685036,1,0
2025-09-16 19:36:00+00:00,-0.6014087654114653,1,0
2025-09-16 19:37:00+00:00,-0.563380506721665,1,0
2025-09-16 19:38:00+00:00,-0.5717735596731404,0,0
2025-09-16 19:39:00+00:00,-0.5929589032208199,1,0
2025-09-16 19:40:00+00:00,-0.45614844455856063,0,0
2025-09-16 19:41:00+00:00,-0.6239452978875898,1,0
2025-09-16 19:42:00+00:00,-0.5624373506462731,0,0
2025-09-16 19:43:00+00:00,-0.5037382755791148,1,0
2025-09-16 19:44:00+00:00,-0.38902965682182533,0,0
2025-09-16 19:45:00+00:00,-0.5318153898146358,0,0
2025-09-16 19:46:00+00:00,-0.5638036245717867,1,0
2025-09-16 19:47:00+00:00,-0.4194079113253123,0,0
2025-09-16 19:48:00+00:00,-0.4933199411897755,1,0
2025-09-16 19:49:00+00:00,-0.5312417369808381,0,0
2025-09-16 19:50:00+00:00,-0.5361325396361525,2,0
2025-09-16 19:51:00+00:00,-0.5160801925733246,1,0
2025-09-16 19:52:00+00:00,-0.6096632038940152,0,0
2025-09-16 19:53:00+00:00,-0.5907081464807996,1,0
2025-09-16 19:54:00+00:00,-0.3883379716981926,0,0
2025-09-16 19:55:00+00:00,-0.6434508413540515,1,0
2025-09-16 19:56:00+00:00,-0.36580318188605965,0,0
2025-09-16 19:57:00+00:00,-0.5435893118917416,0,0
2025-09-16 19:58:00+00:00,-0.5253731005345079,0,0
2025-09-16 19:59:00+00:00,-0.4302449923775701,2,0
2025-09-16 20:00:00+00:00,-0.3867560868442159,0,0
2025-09-16 20:01:00+00:00,-0.49422090012789344,0,0
2025-09-16 20:02:00+00:00,-0.5733366160211487,0,0
2025-09-16 20:03:00+00:00,-0.39189803418834757,0,0
2025-09-16 20:04:00+00:00,-0.6088586493491016,0,0
2025-09-16 20:05:00+00:00,-0.5024627065039853,1,0
2025-09-16 20:06:00+00:00,-0.6326773083650847,1,0
2025-09-16 20:07:00+00:00,-0.4403237306311879,0,0
2025-09-16 20:08:00+00:00,-0.4688559648181069,0,0
2025-09-16 20:09:00+00:00,-0.5254168552399089,1,0
2025-09-16 20:10:00+00:00,-0.5695794432210276,1,0
2025-09-16 20:11:00+00:00,-0.55169234289585,0,0
2025-09-16 20:12:00+00:00,-0.48788632749563354,2,0
2025-09-16 20:13:00+00:00,-0.4767647344076017,0,0
2025-09-16 20:14:00+00:00,-0.5262947028382035,0,0
2025-09-16 20:15:00+00:00,-0.5492580907928865,1,0
2025-09-16 20:16:00+00:00,-0.46345283911976154,1,0
2025-09-16 20:17:00+00:00,-0.5105648487867553,0,0
2025-09-16 20:18:00+00:00,-0.5484452880733527,2,0
2025-09-16 20:19:00+00:00,-0.5612930708562625,1,0
2025-09-16 20:20:00+00:00,-0.6131325351951625,0,0
2025-09-16 20:21:00+00:00,-0.5443071345550822,0,0
2025-09-16 20:22:00+00:00,-0.41150571438624944,1,0
2025-09-16 20:23:00+00:00,-0.4659158849209357,1,0
2025-09-16 20:24:00+00:00,-0.40479134743902456,0,0
2025-09-16 20:25:00+00:00,-0.45774157777494806,0,0
2025-09-16 20:26:00+00:00,-0.6583769714541602,0,0
2025-09-16 20:27:00+00:00,-0.46408850616648484,2,0
2025-09-16 20:28:00+00:00,-0.3199699298150817,0,0
2025-09-16 20:29:00+00:00,-0.49115842121445713,1,0
2025-09-16 20:30:00+00:00,-0.4855353920043143,1,0
2025-09-16 20:31:00+00:00,-0.5720365230502599,0,0
2025-09-16 20:32:00+00:00,-0.5409784232613455,1,0
2025-09-16 20:33:00+00:00,-0.5149058317902351,0,0
2025-09-16 20:34:00+00:00,-0.46928322494942126,2,0
2025-09-16 20:35:00+00:00,-0.580254324060157,0,0
2025-09-16 20:36:00+00:00,-0.4231506004533916,1,0
2025-09-16 20:37:00+00:00,-0.5511313978796251,0,0
2025-09-16 20:38:00+00:00,-0.4635196937791397,0,0
2025-09-16 20:39:00+00:00,-0.5691880236348849,0,0
2025-09-16 20:40:00+00:00,-0.5876746427551431,0,0
2025-09-16 20:41:00+00:00,-0.4387079279798307,1,0
2025-09-16 20:42:00+00:00,-0.519408376761728,0,0
2025-09-16 20:43:00+00:00,-0.3780044404526631,1,0
2025-09-16 20:44:00+00:00,-0.3829120976967152,0,0
2025-09-16 20:45:00+00:00,-0.41283264194128255,0,0
2025-09-16 20:46:00+00:00,-0.5535423246985558,1,0
2025-09-16 20:47:00+00:00,-0.6125167443537761,0,0
2025-09-16 20:48:00+00:00,-0.4231865621665055,0,0
2025-09-16 20:49:00+00:00,-0.5204267923734628,1,0
2025-09-16 20:50:00+00:00,-0.6013561289360178,1,0
2025-09-16 20:51:00+00:00,-0.4759635161852007,0,0
2025-09-16 20:52:00+00:00,-0.451525975834185,0,0
2025-09-16 20:53:00+00:00,-0.5332036001875886,0,0
2025-09-16 20:54:00+00:00,-0.43249192578601325,1,0
2025-09-16 20:55:00+00:00,-0.5676817827306241,1,0
2025-09-16 20:56:00+00:00,-0.6698754724668151,1,0
2025-09-16 20:57:00+00:00,-0.4891603751033221,1,0
2025-09-16 20:58:00+00:00,-0.5073346779002024,0,0
2025-09-16 20:59:00+00:00,-0.438299495404444,0,0
2025-09-16 21:00:00+00:00,-0.4995236668625477,1,0
2025-09-16 21:01:00+00:00,-0.46007086015593357,0,0
2025-09-16 21:02:00+00:00,-0.4227200159222348,0,0
2025-09-16 21:03:00+00:00,-0.45965090496304895,0,0
2025-09-16 21:04:00+00:00,-0.42493609631005397,1,0
2025-09-16 21:05:00+00:00,-0.5428151446003091,0,0
2025-09-16 21:06:00+00:00,-0.6067423974553156,1,0
2025-09-16 21:07:00+00:00,-0.49043416573095344,0,0
2025-09-16 21:08:00+00:00,-0.4818785524992527,0,0
2025-09-16 21:09:00+00:00,-0.34907357227862224,0,0
2025-09-16 21:10:00+00:00,-0.5873930877513109,0,0
2025-09-16 21:11:00+00:00,-0.628790346170565,1,0
2025-09-16 21:12:00+00:00,-0.5824353939365727,1,0
2025-09-16 21:13:00+00:00,-0.468189034846063,0,0
2025-09-16 21:14:00+00:00,-0.3622007935390228,0,0
2025-09-16 21:15:00+00:00,-0.47633568790905606,0,0
2025-09-16 21:16:00+00:00,-0.39269408321895555,1,0
2025-09-16 21:17:00+00:00,-0.4941124045619517,1,0
2025-09-16 21:18:00+00:00,-0.4384554543471774,0,0
2025-09-16 21:19:00+00:00,-0.6019434686560957,0,0
2025-09-16 21:20:00+00:00,-0.3466232120067186,1,0
2025-09-16 21:21:00+00:00,-0.4412224295562977,0,0
2025-09-16 21:22:00+00:00,-0.4249303779747444,0,0
2025-09-16 21:23:00+00:00,-0.5385678266168095,1,0
2025-09-16 21:24:00+00:00,-0.5693469400190982,0,0
2025-09-16 21:25:00+00:00,-0.5245009601493398,1,0
2025-09-16 21:26:00+00:00,-0.5664697628162073,1,0
2025-09-16 21:27:00+00:00,-0.4289555859555353,0,0
2025-09-16 21:28:00+00:00,-0.5662728799070065,0,0
2025-09-16 21:29:00+00:00,-0.47798532911527697,1,0
2025-09-16 21:30:00+00:00,-0.485937442186666,0,0
2025-09-16 21:31:00+00:00,-0.5191395888554199,0,0
2025-09-16 21:32:00+00:00,-0.5102507915581034,0,0
2025-09-16 21:33:00+00:00,-0.5340628832868611,0,0
2025-09-16 21:34:00+00:00,-0.6761139117571823,1,0
2025-09-16 21:35:00+00:00,-0.515538052219295,0,0
2025-09-16 21:36:00+00:00,-0.4645745357789317,0,0
2025-09-16 21:37:00+00:00,-0.538290199499811,0,0
2025-09-16 21:38:00+00:00,-0.4401406457658934,0,0
2025-09-16 21:39:00+00:00,-0.5464945190797688,0,0
2025-09-16 21:40:00+00:00,-0.4256512549781787,2,0
2025-09-16 21:41:00+00:00,-0.5034448871495559,1,0
2025-09-16 21:42:00+00:00,-0.609176677390311,1,0
2025-09-16 21:43:00+00:00,-0.500527600895279,1,0
2025-09-16 21:44:00+00:00,-0.5151363910110679,1,0
2025-09-16 21:45:00+00:00,-0.48650954041134004,1,0
2025-09-16 21:46:00+00:00,-0.5160367335917557,2,0
2025-09-16 21:47:00+00:00,-0.49159634449080636,1,0
2025-09-16 21:48:00+00:00,-0.4856812360068583,0,0
2025-09-16 21:49:00+00:00,-0.4963752575929963,0,0
2025-09-16 21:50:00+00:00,-0.368770271580541,1,0
2025-09-16 21:51:00+00:00,-0.49166162499929933,1,0
2025-09-16 21:52:00+00:00,-0.5805815877772261,0,0
2025-09-16 21:53:00+00:00,-0.5141347001938652,1,0
2025-09-16 21:54:00+00:00,-0.5096520245523714,1,0
2025-09-16 21:55:00+00:00,-0.49045184874623227,0,0
2025-09-16 21:56:00+00:00,-0.46460640478212933,0,0
2025-09-16 21:57:00+00:00,-0.6271368110286065,1,0
2025-09-16 21:58:00+00:00,-0.47218151710800693,1,0
2025-09-16 21:59:00+00:00,-0.6017832906950786,1,0
2025-09-16 22:00:00+00:00,-0.36514950947941527,1,0
2025-09-16 22:01:00+00:00,-0.614231347773456,0,0
2025-09-16 22:02:00+00:00,-0.5208193852802809,1,0
2025-09-16 22:03:00+00:00,-0.5861630050140142,1,0
2025-09-16 22:04:00+00:00,-0.4588781363782223,1,0
2025-09-16 22:05:00+00:00,-0.3469192983087308,1,0
2025-09-16 22:06:00+00:00,-0.6025258092259844,1,0
2025-09-16 22:07:00+00:00,-0.5458654532998796,0,0
2025-09-16 22:08:00+00:00,-0.441121252733926,1,0
2025-09-16 22:09:00+00:00,-0.5754822043957379,0,0
2025-09-16 22:10:00+00:00,-0.40667955589704674,1,0
2025-09-16 22:11:00+00:00,-0.5683265726654866,0,0
2025-09-16 22:12:00+00:00,-0.5075641204216514,1,0
2025-09-16 22:13:00+00:00,-0.3842493493388725,0,0
2025-09-16 22:14:00+00:00,-0.62070112448436,0,0
2025-09-16 22:15:00+00:00,-0.5781785074864857,1,0
2025-09-16 22:16:00+00:00,-0.40583995173560583,0,0
2025-09-16 22:17:00+00:00,-0.6563636694789375,1,0
2025-09-16 22:18:00+00:00,-0.5092402134625293,1,0
2025-09-16 22:19:00+00:00,-0.5206517436126992,0,0
2025-09-16 22:20:00+00:00,-0.4081240774087289,1,0
2025-09-16 22:21:00+00:00,-0.49782271230184283,2,0
2025-09-16 22:22:00+00:00,-0.4916397662290484,1,0
2025-09-16 22:23:00+00:00,-0.6653296775383006,1,0
2025-09-16 22:24:00+00:00,-0.44375991287511574,1,0
2025-09-16 22:25:00+00:00,-0.6858049651517837,0,0
2025-09-16 22:26:00+00:00,-0.4461613653483486,1,0
2025-09-16 22:27:00+00:00,-0.37482611428830787,1,0
2025-09-16 22:28:00+00:00,-0.5477121205062754,0,0
2025-09-16 22:29:00+00:00,-0.4052415350505183,1,0
2025-09-16 22:30:00+00:00,-0.4458990200077611,1,0
2025-09-16 22:31:00+00:00,-0.4960842616395339,1,0
2025-09-16 22:32:00+00:00,-0.5990170006956067,1,0
2025-09-16 22:33:00+00:00,-0.413998763381445,1,0
2025-09-16 22:34:00+00:00,-0.5578586230072079,0,0
2025-09-16 22:35:00+00:00,-0.4530611856582842,2,0
2025-09-16 22:36:00+00:00,-0.5085700228716822,0,0
2025-09-16 22:37:00+00:00,-0.4804839393286564,1,0
2025-09-16 22:38:00+00:00,-0.4662385919420883,1,0
2025-09-16 22:39:00+00:00,-0.370196851136084,1,0
2025-09-16 22:40:00+00:00,-0.6382276203911414,1,0
2025-09-16 22:41:00+00:00,-0.4120398372513628,0,0
2025-09-16 22:42:00+00:00,-0.5948803816302838,0,0
2025-09-16 22:43:00+00:00,-0.3638885382356853,1,0
2025-09-16 22:44:00+00:00,-0.34620797654580465,0,0
2025-09-16 22:45:00+00:00,-0.6498346430732456,0,0
2025-09-16 22:46:00+00:00,-0.35087357255721147,1,0
2025-09-16 22:47:00+00:00,-0.5435933807076179,1,0
2025-09-16 22:48:00+00:00,-0.5339311555312254,1,0
2025-09-16 22:49:00+00:00,-0.48025703404304915,0,0
2025-09-16 22:50:00+00:00,-0.5769203736045452,0,0
2025-09-16 22:51:00+00:00,-0.5359899370528491,0,0
2025-09-16 22:52:00+00:00,-0.56229821049249,0,0
2025-09-16 22:53:00+00:00,-0.5749182071418782,0,0
2025-09-16 22:54:00+00:00,-0.3936952726035472,0,0
2025-09-16 22:55:00+00:00,-0.4338409338255501,0,0
2025-09-16 22:56:00+00:00,-0.5646028521059017,1,0
2025-09-16 22:57:00+00:00,-0.6786008007334462,1,0
2025-09-16 22:58:00+00:00,-0.5160533383280596,0,0
2025-09-16 22:59:00+00:00,-0.5593147152584087,0,0
2025-09-16 23:00:00+00:00,-0.5690918916334468,0,0
2025-09-16 23:01:00+00:00,-0.5263249989002801,0,0
2025-09-16 23:02:00+00:00,-0.45278476718001476,0,0
2025-09-16 23:03:00+00:00,-0.34955512000530836,1,0
2025-09-16 23:04:00+00:00,-0.5276888945338557,1,0
2025-09-16 23:05:00+00:00,-0.48808784119098314,2,0
2025-09-16 23:06:00+00:00,-0.34125848580303636,1,0
2025-09-16 23:07:00+00:00,-0.5931849059926656,0,0
2025-09-16 23:08:00+00:00,-0.5006725218573497,1,0
2025-09-16 23:09:00+00:00,-0.646278917156046,0,0
2025-09-16 23:10:00+00:00,-0.542342161561902,0,0
2025-09-16 23:11:00+00:00,-0.43220699088577574,1,0
2025-09-16 23:12:00+00:00,-0.5972848505164852,0,0
2025-09-16 23:13:00+00:00,-0.3665204959398418,1,0
2025-09-16 23:14:00+00:00,-0.49295634544596456,2,0
2025-09-16 23:15:00+00:00,-0.4285099341367046,0,0
2025-09-16 23:16:00+00:00,-0.5373979668682556,1,0
2025-09-16 23:17:00+00:00,-0.556967382988448,0,0
2025-09-16 23:18:00+00:00,-0.5342240355622407,0,0
2025-09-16 23:19:00+00:00,-0.5643202708509003,0,0
2025-09-16 23:20:00+00:00,-0.6077297958164795,0,0
2025-09-16 23:21:00+00:00,-0.5756482091741881,0,0
2025-09-16 23:22:00+00:00,-0.5778807525649748,2,0
2025-09-16 23:23:00+00:00,-0.45047601876840565,0,0
2025-09-16 23:24:00+00:00,-0.43528030523390904,1,0
2025-09-16 23:25:00+00:00,-0.49826311658203637,0,0
2025-09-16 23:26:00+00:00,-0.45248585437377337,0,0
2025-09-16 23:27:00+00:00,-0.5675418811911129,0,0
2025-09-16 23:28:00+00:00,-0.6075782097239438,2,0
2025-09-16 23:29:00+00:00,-0.5565079158511343,0,0
2025-09-16 23:30:00+00:00,-0.42463520233133656,1,0
2025-09-16 23:31:00+00:00,-0.43441847907115644,0,0
2025-09-16 23:32:00+00:00,-0.5378491476053363,1,0
2025-09-16 23:33:00+00:00,-0.43459032060724184,1,0
2025-09-16 23:34:00+00:00,-0.48147130478067934,1,0
2025-09-16 23:35:00+00:00,-0.36739480805932506,2,0
2025-09-16 23:36:00+00:00,-0.41433888211808034,1,0
2025-09-16 23:37:00+00:00,-0.4862281911601516,1,0
2025-09-16 23:38:00+00:00,-0.4292470691165611,1,0
2025-09-16 23:39:00+00:00,-0.6258442689378153,2,0
2025-09-16 23:40:00+00:00,-0.5200495734678166,0,0
2025-09-16 23:41:00+00:00,-0.49250505563204383,1,0
2025-09-16 23:42:00+00:00,-0.45886040139595285,1,0
2025-09-16 23:43:00+00:00,-0.3989737674308398,1,0
2025-09-16 23:44:00+00:00,-0.4196357222092243,1,0
2025-09-16 23:45:00+00:00,-0.42594808732809114,0,0
2025-09-16 23:46:00+00:00,-0.4645741243171442,1,0
2025-09-16 23:47:00+00:00,-0.5654214665124269,0,0
2025-09-16 23:48:00+00:00,-0.5240742196177772,1,0
2025-09-16 23:49:00+00:00,-0.4221111494304614,1,0
2025-09-16 23:50:00+00:00,-0.4528880896117563,1,0
2025-09-16 23:51:00+00:00,-0.45691966089541564,1,0
2025-09-16 23:52:00+00:00,-0.6240717356051168,1,0
2025-09-16 23:53:00+00:00,-0.6742284922247055,1,0
2025-09-16 23:54:00+00:00,-0.5246970489325721,1,0
2025-09-16 23:55:00+00:00,-0.4413172807232103,1,0
2025-09-16 23:56:00+00:00,-0.4038833023189027,0,0
2025-09-16 23:57:00+00:00,-0.5807700991698694,2,0
2025-09-16 23:58:00+00:00,-0.5645893913800691,1,0
2025-09-16 23:59:00+00:00,-0.5873644606103574,0,0
2025-09-17 00:00:00+00:00,-0.5638540411984896,1,0
2025-09-17 00:01:00+00:00,-0.5656381813730099,0,0
2025-09-17 00:02:00+00:00,-0.5156994376227982,1,0
2025-09-17 00:03:00+00:00,-0.6217280035914201,1,0
2025-09-17 00:04:00+00:00,-0.5242274289219062,2,0
2025-09-17 00:05:00+00:00,-0.5186955055481222,1,0
2025-09-17 00:06:00+00:00,-0.42794319419248983,0,0
2025-09-17 00:07:00+00:00,-0.4631068223654364,0,0
2025-09-17 00:08:00+00:00,-0.47043092434244155,1,0
2025-09-17 00:09:00+00:00,-0.4005871208666868,0,0
2025-09-17 00:10:00+00:00,-0.44032613770699647,0,0
2025-09-17 00:11:00+00:00,-0.4290174720386197,1,0
2025-09-17 00:12:00+00:00,-0.3944862474156956,1,0
2025-09-17 00:13:00+00:00,-0.5510218397314633,1,0
2025-09-17 00:14:00+00:00,-0.4797363431752132,1,0
2025-09-17 00:15:00+00:00,-0.46379168058219766,0,0
2025-09-17 00:16:00+00:00,-0.3664028933796366,0,0
2025-09-17 00:17:00+00:00,-0.576905622684397,1,0
2025-09-17 00:18:00+00:00,-0.4220354069571579,1,0
2025-09-17 00:19:00+00:00,-0.47736363310153657,0,0
2025-09-17 00:20:00+00:00,-0.473499265439036,0,0
2025-09-17 00:21:00+00:00,-0.48618022498352764,0,0
2025-09-17 00:22:00+00:00,-0.6014640174381253,0,0
2025-09-17 00:23:00+00:00,-0.6009651726186441,1,0
2025-09-17 00:24:00+00:00,-0.3751462256683604,0,0
2025-09-17 00:25:00+00:00,-0.5380255984624438,0,0
2025-09-17 00:26:00+00:00,-0.4464634447462824,0,0
2025-09-17 00:27:00+00:00,-0.434560636963107,0,0
2025-09-17 00:28:00+00:00,-0.5551176742966086,0,0
2025-09-17 00:29:00+00:00,-0.5359165602415021,1,0
2025-09-17 00:30:00+00:00,-0.5242340135526573,1,0
2025-09-17 00:31:00+00:00,-0.5531112961365953,1,0
2025-09-17 00:32:00+00:00,-0.5085917851026297,0,0
2025-09-17 00:33:00+00:00,-0.5949224414155727,1,0
2025-09-17 00:34:00+00:00,-0.5424462271637072,1,0
2025-09-17 00:35:00+00:00,-0.5375546988430387,1,0
2025-09-17 00:36:00+00:00,-0.4697562382263542,1,0
2025-09-17 00:37:00+00:00,-0.4232265640592036,1,0
2025-09-17 00:38:00+00:00,-0.5126603013806817,0,0
2025-09-17 00:39:00+00:00,-0.51961229371545,0,0
2025-09-17 00:40:00+00:00,-0.5378654928649629,0,0
2025-09-17 00:41:00+00:00,-0.5167194684966612,1,0
2025-09-17 00:42:00+00:00,-0.5266944997628531,2,0
2025-09-17 00:43:00+00:00,-0.4902938213978183,1,0
2025-09-17 00:44:00+00:00,-0.5740229412017611,1,0
2025-09-17 00:45:00+00:00,-0.4625695402106073,0,0
2025-09-17 00:46:00+00:00,-0.5061488345804354,0,0
2025-09-17 00:47:00+00:00,-0.6230654948774745,1,0
2025-09-17 00:48:00+00:00,-0.4554776104860765,0,0
2025-09-17 00:49:00+00:00,-0.4551067568148456,1,0
2025-09-17 00:50:00+00:00,-0.4298092551143863,0,0
2025-09-17 00:51:00+00:00,-0.6668708654281851,0,0
2025-09-17 00:52:00+00:00,-0.5179460388798305,0,0
2025-09-17 00:53:00+00:00,-0.42339919783616947,0,0
2025-09-17 00:54:00+00:00,-0.44443592079406313,1,0
2025-09-17 00:55:00+00:00,-0.4442712000319221,0,0
2025-09-17 00:56:00+00:00,-0.5002604689135479,1,0
2025-09-17 00:57:00+00:00,-0.559429334314701,0,0
2025-09-17 00:58:00+00:00,-0.41881794855845034,1,0
2025-09-17 00:59:00+00:00,-0.4376097742265238,1,0
2025-09-17 01:00:00+00:00,-0.527040923026928,1,0
2025-09-17 01:01:00+00:00,-0.49038612857402647,0,0
2025-09-17 01:02:00+00:00,-0.44408570938310576,1,0
2025-09-17 01:03:00+00:00,-0.6089900690207899,0,0
2025-09-17 01:04:00+00:00,-0.4432422527239229,0,0
2025-09-17 01:05:00+00:00,-0.5497650886800598,0,0
2025-09-17 01:06:00+00:00,-0.6070019469839508,1,0
2025-09-17 01:07:00+00:00,-0.558050504980087,1,0
2025-09-17 01:08:00+00:00,-0.45434115463108515,0,0
2025-09-17 01:09:00+00:00,-0.4087957994430519,1,0
2025-09-17 01:10:00+00:00,-0.5193339374643237,0,0
2025-09-17 01:11:00+00:00,-0.5052153655449031,1,0
2025-09-17 01:12:00+00:00,-0.443258782976339,0,0
2025-09-17 01:13:00+00:00,-0.38866061213954817,0,0
2025-09-17 01:14:00+00:00,-0.5091245943759567,1,0
2025-09-17 01:15:00+00:00,-0.66770202753018,1,0
2025-09-17 01:16:00+00:00,-0.5130080751883611,0,0
2025-09-17 01:17:00+00:00,-0.6196317023133565,0,0
2025-09-17 01:18:00+00:00,-0.5151981519637611,0,0
2025-09-17 01:19:00+00:00,-0.4826443506287405,0,0
2025-09-17 01:20:00+00:00,-0.476733165124133,1,0
2025-09-17 01:21:00+00:00,-0.6740137222397037,0,0
2025-09-17 01:22:00+00:00,-0.36545002819261174,1,0
2025-09-17 01:23:00+00:00,-0.3642164900621654,1,0
2025-09-17 01:24:00+00:00,-0.5368059883671628,1,0
2025-09-17 01:25:00+00:00,-0.4567326257195523,1,0
2025-09-17 01:26:00+00:00,-0.5458576889150366,1,0
2025-09-17 01:27:00+00:00,-0.5432869793351216,1,0
2025-09-17 01:28:00+00:00,-0.5314140540666155,1,0
2025-09-17 01:29:00+00:00,-0.5367992930849521,0,0
2025-09-17 01:30:00+00:00,-0.4577704229766096,1,0
2025-09-17 01:31:00+00:00,-0.5037635201687948,0,0
2025-09-17 01:32:00+00:00,-0.5347171315002823,0,0
2025-09-17 01:33:00+00:00,-0.5515392740479378,0,0
2025-09-17 01:34:00+00:00,-0.4869051524533441,1,0
2025-09-17 01:35:00+00:00,-0.4538677475462797,0,0
2025-09-17 01:36:00+00:00,-0.5488477095809745,1,0
2025-09-17 01:37:00+00:00,-0.39204502566306887,0,0
2025-09-17 01:38:00+00:00,-0.5423240357909649,1,0
2025-09-17 01:39:00+00:00,-0.6711627068963024,0,0
2025-09-17 01:40:00+00:00,-0.5280300036302245,0,0
2025-09-17 01:41:00+00:00,-0.6403080874450471,0,0
2025-09-17 01:42:00+00:00,-0.44341823950479464,1,0
2025-09-17 01:43:00+00:00,-0.5433662270863125,1,0
2025-09-17 01:44:00+00:00,-0.5039656892302355,0,0
2025-09-17 01:45:00+00:00,-0.34171865159860826,0,0
2025-09-17 01:46:00+00:00,-0.4664018410987738,1,0
2025-09-17 01:47:00+00:00,-0.4406913477146571,0,0
2025-09-17 01:48:00+00:00,-0.5827831641505933,1,0
2025-09-17 01:49:00+00:00,-0.6266127987765909,0,0
2025-09-17 01:50:00+00:00,-0.42945684777565213,1,0
2025-09-17 01:51:00+00:00,-0.5261469189873685,0,0
2025-09-17 01:52:00+00:00,-0.5026320132137788,0,0
2025-09-17 01:53:00+00:00,-0.656949018176212,0,0
2025-09-17 01:54:00+00:00,-0.5176268878837467,0,0
2025-09-17 01:55:00+00:00,-0.490596500295794,0,0
2025-09-17 01:56:00+00:00,-0.5542000556020648,1,0
2025-09-17 01:57:00+00:00,-0.3743082476894102,1,0
2025-09-17 01:58:00+00:00,-0.5211115861578751,1,0
2025-09-17 01:59:00+00:00,-0.38552288426563486,1,0
2025-09-17 02:00:00+00:00,-0.39627538548400365,2,0
2025-09-17 02:01:00+00:00,-0.5810374442091132,1,0
2025-09-17 02:02:00+00:00,-0.5120685786434337,1,0
2025-09-17 02:03:00+00:00,-0.6333824260824827,0,0
2025-09-17 02:04:00+00:00,-0.3907963946758819,0,0
2025-09-17 02:05:00+00:00,-0.5837160780482933,0,0
2025-09-17 02:06:00+00:00,-0.4463901774528475,1,0
2025-09-17 02:07:00+00:00,-0.6671569902654568,0,0
2025-09-17 02:08:00+00:00,-0.5462618947905211,2,0
2025-09-17 02:09:00+00:00,-0.42639371680100335,0,0
2025-09-17 02:10:00+00:00,-0.45120381631754847,0,0
2025-09-17 02:11:00+00:00,-0.4752765370972721,1,0
2025-09-17 02:12:00+00:00,-0.42913971368610593,1,0
2025-09-17 02:13:00+00:00,-0.4308120581540156,0,0
2025-09-17 02:14:00+00:00,-0.6057353307906955,0,0
2025-09-17 02:15:00+00:00,-0.46434605325500133,1,0
2025-09-17 02:16:00+00:00,-0.6042457462158153,0,0
2025-09-17 02:17:00+00:00,-0.4206141337685431,1,0
2025-09-17 02:18:00+00:00,-0.4772297452650125,1,0
2025-09-17 02:19:00+00:00,-0.5010441448908775,0,0
2025-09-17 02:20:00+00:00,-0.5003181379151397,0,0
2025-09-17 02:21:00+00:00,-0.6290741465127757,0,0
2025-09-17 02:22:00+00:00,-0.3615041611750518,0,0
2025-09-17 02:23:00+00:00,-0.3793666578009268,1,0
2025-09-17 02:24:00+00:00,-0.4763957516092503,1,0
2025-09-17 02:25:00+00:00,-0.5583538989711991,0,0
2025-09-17 02:26:00+00:00,-0.6242945878728745,0,0
2025-09-17 02:27:00+00:00,-0.5418580835177557,0,0
2025-09-17 02:28:00+00:00,-0.5452389192817578,1,0
2025-09-17 02:29:00+00:00,-0.5373006469404932,1,0
2025-09-17 02:30:00+00:00,-0.41880456907548025,0,0
2025-09-17 02:31:00+00:00,-0.40345502901629804,0,0
2025-09-17 02:32:00+00:00,-0.5904427785261706,2,0
2025-09-17 02:33:00+00:00,-0.6424412040633994,1,0
2025-09-17 02:34:00+00:00,-0.6069690579501208,0,0
2025-09-17 02:35:00+00:00,-0.4869840880120469,1,0
2025-09-17 02:36:00+00:00,-0.3388428924564336,0,0
2025-09-17 02:37:00+00:00,-0.5369338028056944,0,0
2025-09-17 02:38:00+00:00,-0.39003530878205506,0,0
2025-09-17 02:39:00+00:00,-0.6244954626929284,0,0
2025-09-17 02:40:00+00:00,-0.4881472977936998,1,0
2025-09-17 02:41:00+00:00,-0.5624339277208158,0,0
2025-09-17 02:42:00+00:00,-0.5866031814606798,1,0
2025-09-17 02:43:00+00:00,-0.39629944080426693,0,0
2025-09-17 02:44:00+00:00,-0.5200597323835833,1,0
2025-09-17 02:45:00+00:00,-0.4988871654805985,1,0
2025-09-17 02:46:00+00:00,-0.6206731513273266,1,0
2025-09-17 02:47:00+00:00,-0.601514068505364,2,0
2025-09-17 02:48:00+00:00,-0.4351911400917696,0,0
2025-09-17 02:49:00+00:00,-0.6128072562786173,0,0
2025-09-17 02:50:00+00:00,-0.4039094250963704,1,0
2025-09-17 02:51:00+00:00,-0.5156301940112931,0,0
2025-09-17 02:52:00+00:00,-0.5140164334178918,1,0
2025-09-17 02:53:00+00:00,-0.42754546634898394,0,0
2025-09-17 02:54:00+00:00,-0.48169892779856305,1,0
2025-09-17 02:55:00+00:00,-0.518331208759967,0,0
2025-09-17 02:56:00+00:00,-0.432288315940125,1,0
2025-09-17 02:57:00+00:00,-0.5419443287321969,1,0
2025-09-17 02:58:00+00:00,-0.5728136156062201,0,0
2025-09-17 02:59:00+00:00,-0.4814966371625138,0,0
2025-09-17 03:00:00+00:00,-0.46788856948513236,1,0
2025-09-17 03:01:00+00:00,-0.5454930999122134,0,0
2025-09-17 03:02:00+00:00,-0.4324580992276395,0,0
2025-09-17 03:03:00+00:00,-0.35999427260175815,0,0
2025-09-17 03:04:00+00:00,-0.6025748737114467,1,0
2025-09-17 03:05:00+00:00,-0.6173891248574882,0,0
2025-09-17 03:06:00+00:00,-0.307729148735738,1,0
2025-09-17 03:07:00+00:00,-0.4615225677687512,0,0
2025-09-17 03:08:00+00:00,-0.5739865191063273,1,0
2025-09-17 03:09:00+00:00,-0.3927723885412943,0,0
2025-09-17 03:10:00+00:00,-0.5108201727233508,1,0
2025-09-17 03:11:00+00:00,-0.3918897157256656,0,0
2025-09-17 03:12:00+00:00,-0.3798796465524146,1,0
2025-09-17 03:13:00+00:00,-0.6521312955443199,0,0
2025-09-17 03:14:00+00:00,-0.4270568988760098,0,0
2025-09-17 03:15:00+00:00,-0.544111575852625,2,0
2025-09-17 03:16:00+00:00,-0.303662468999804,1,0
2025-09-17 03:17:00+00:00,-0.5018196255998203,2,0
2025-09-17 03:18:00+00:00,-0.5151342501263652,0,0
2025-09-17 03:19:00+00:00,-0.6088668598745982,1,0
2025-09-17 03:20:00+00:00,-0.5444137635523235,1,0
2025-09-17 03:21:00+00:00,-0.49203137848055023,1,0
2025-09-17 03:22:00+00:00,-0.4931601203829169,1,0
2025-09-17 03:23:00+00:00,-0.5335207500597617,0,0
2025-09-17 03:24:00+00:00,-0.6346464699147517,0,0
2025-09-17 03:25:00+00:00,-0.6050588868698895,1,0
2025-09-17 03:26:00+00:00,-0.4145195454521905,1,0
2025-09-17 03:27:00+00:00,-0.38560762507610424,0,0
2025-09-17 03:28:00+00:00,-0.4995029428170378,0,0
2025-09-17 03:29:00+00:00,-0.5850659478423448,0,0
2025-09-17 03:30:00+00:00,-0.5905329013607629,0,0
2025-09-17 03:31:00+00:00,-0.5454060431591801,0,0
2025-09-17 03:32:00+00:00,-0.5115570089756001,0,0
2025-09-17 03:33:00+00:00,-0.5697447484402048,0,0
2025-09-17 03:34:00+00:00,-0.48908042486071657,0,0
2025-09-17 03:35:00+00:00,-0.401434642365909,1,0
2025-09-17 03:36:00+00:00,-0.42617892489016096,1,0
2025-09-17 03:37:00+00:00,-0.39566512320818914,1,0
2025-09-17 03:38:00+00:00,-0.4439597311875111,0,0
2025-09-17 03:39:00+00:00,-0.34583155039093444,1,0
2025-09-17 03:40:00+00:00,-0.4526645653408622,1,0
2025-09-17 03:41:00+00:00,-0.5502357297741318,1,0
2025-09-17 03:42:00+00:00,-0.46615615249714465,0,0
2025-09-17 03:43:00+00:00,-0.5162267688231017,0,0
2025-09-17 03:44:00+00:00,-0.4932470286824775,1,0
2025-09-17 03:45:00+00:00,-0.39035393697747106,1,0
2025-09-17 03:46:00+00:00,-0.5273731616521605,2,0
2025-09-17 03:47:00+00:00,-0.384281574813907,1,0
2025-09-17 03:48:00+00:00,-0.5307821892196124,1,0
2025-09-17 03:49:00+00:00,-0.6775895161741619,0,0
2025-09-17 03:50:00+00:00,-0.4812877769354025,0,0
2025-09-17 03:51:00+00:00,-0.6013700037082232,0,0
2025-09-17 03:52:00+00:00,-0.45875204069952397,0,0
2025-09-17 03:53:00+00:00,-0.48179938209179307,0,0
2025-09-17 03:54:00+00:00,-0.4245080262587742,0,0
2025-09-17 03:55:00+00:00,-0.4374940352150602,0,0
2025-09-17 03:56:00+00:00,-0.5544751279470456,0,0
2025-09-17 03:57:00+00:00,-0.521631710743935,1,0
2025-09-17 03:58:00+00:00,-0.5308755007713198,0,0
2025-09-17 03:59:00+00:00,-0.40352240999309713,0,0
2025-09-17 04:00:00+00:00,-0.402094331862324,0,0
2025-09-17 04:01:00+00:00,-0.44195631214154935,0,0
2025-09-17 04:02:00+00:00,-0.40724930369425616,1,0
2025-09-17 04:03:00+00:00,-0.5324563187909362,0,0
2025-09-17 04:04:00+00:00,-0.6318994396529362,1,0
2025-09-17 04:05:00+00:00,-0.5852037198406046,0,0
2025-09-17 04:06:00+00:00,-0.5247534018773038,0,0
2025-09-17 04:07:00+00:00,-0.6201915751691081,0,0
2025-09-17 04:08:00+00:00,-0.4982107459696917,0,0
2025-09-17 04:09:00+00:00,-0.6317917904988508,0,0
2025-09-17 04:10:00+00:00,-0.4064568188038334,0,0
2025-09-17 04:11:00+00:00,-0.6186694025590516,0,0
2025-09-17 04:12:00+00:00,-0.43104736363794427,1,0
2025-09-17 04:13:00+00:00,-0.522220167820179,0,0
2025-09-17 04:14:00+00:00,-0.5175173667819492,0,0
2025-09-17 04:15:00+00:00,-0.48197082444949846,0,0
2025-09-17 04:16:00+00:00,-0.5146318360110348,0,0
2025-09-17 04:17:00+00:00,-0.5259615752337158,0,0
2025-09-17 04:18:00+00:00,-0.4965013499413907,1,0
2025-09-17 04:19:00+00:00,-0.41184042127709214,1,0
2025-09-17 04:20:00+00:00,-0.3559034567003707,0,0
2025-09-17 04:21:00+00:00,-0.4631671747134607,0,0
2025-09-17 04:22:00+00:00,-0.4582709582464472,1,0
2025-09-17 04:23:00+00:00,-0.632323699417732,0,0
2025-09-17 04:24:00+00:00,-0.5465351084556478,0,0
2025-09-17 04:25:00+00:00,-0.43929778808711134,0,0
2025-09-17 04:26:00+00:00,-0.5238150584006774,0,0
2025-09-17 04:27:00+00:00,-0.3645385411524933,0,0
2025-09-17 04:28:00+00:00,-0.4919995523374191,0,0
2025-09-17 04:29:00+00:00,-0.5506936545856255,0,0
2025-09-17 04:30:00+00:00,-0.5193527117910467,0,0
2025-09-17 04:31:00+00:00,-0.5106785936951935,0,0
2025-09-17 04:32:00+00:00,-0.5860286655851153,0,0
2025-09-17 04:33:00+00:00,-0.40242192850358555,0,0
2025-09-17 04:34:00+00:00,-0.4355426346563467,0,0
2025-09-17 04:35:00+00:00,-0.5526324356300042,1,0
2025-09-17 04:36:00+00:00,-0.3341543746250256,0,0
2025-09-17 04:37:00+00:00,-0.5471773120943738,1,0
2025-09-17 04:38:00+00:00,-0.4998182798719878,0,0
2025-09-17 04:39:00+00:00,-0.591077866156198,1,0
2025-09-17 04:40:00+00:00,-0.3411729086342139,0,0
2025-09-17 04:41:00+00:00,-0.6491866749181459,1,0
2025-09-17 04:42:00+00:00,-0.495226560317198,1,0
2025-09-17 04:43:00+00:00,-0.4147071679698231,1,0
2025-09-17 04:44:00+00:00,-0.6489795676957805,1,0
2025-09-17 04:45:00+00:00,-0.5098432746549203,0,0
2025-09-17 04:46:00+00:00,-0.4152479610669988,1,0
2025-09-17 04:47:00+00:00,-0.4357575542695517,0,0
2025-09-17 04:48:00+00:00,-0.5917652159172054,0,0
2025-09-17 04:49:00+00:00,-0.47662911316048306,1,0
2025-09-17 04:50:00+00:00,-0.5926654367456828,1,0
2025-09-17 04:51:00+00:00,-0.5350361739313297,0,0
2025-09-17 04:52:00+00:00,-0.4060827880943044,1,0
2025-09-17 04:53:00+00:00,-0.4594139701788108,0,0
2025-09-17 04:54:00+00:00,-0.6003927733938497,0,0
2025-09-17 04:55:00+00:00,-0.3376036779020501,0,0
2025-09-17 04:56:00+00:00,-0.5194037172248946,0,0
2025-09-17 04:57:00+00:00,-0.5877184545976577,0,0
2025-09-17 04:58:00+00:00,-0.5413078336726038,0,0
2025-09-17 04:59:00+00:00,-0.6131971635529841,0,0
2025-09-17 05:00:00+00:00,-0.4807570752840469,0,0
2025-09-17 05:01:00+00:00,-0.5157607371113657,0,0
2025-09-17 05:02:00+00:00,-0.6438124773774613,1,0
2025-09-17 05:03:00+00:00,-0.45813389524276216,1,0
2025-09-17 05:04:00+00:00,-0.6340639905305827,1,0
2025-09-17 05:05:00+00:00,-0.48789024542393467,0,0
2025-09-17 05:06:00+00:00,-0.5051598838157243,0,0
2025-09-17 05:07:00+00:00,-0.4191262399267378,1,0
2025-09-17 05:08:00+00:00,-0.4450332991032986,0,0
2025-09-17 05:09:00+00:00,-0.5454018516534318,0,0
2025-09-17 05:10:00+00:00,-0.47763721629770917,0,0
2025-09-17 05:11:00+00:00,-0.645685839709617,1,0
2025-09-17 05:12:00+00:00,-0.4698111764104149,1,0
2025-09-17 05:13:00+00:00,-0.45892977610282276,1,0
2025-09-17 05:14:00+00:00,-0.5315887981493475,0,0
2025-09-17 05:15:00+00:00,-0.47090274472649196,2,0
2025-09-17 05:16:00+00:00,-0.4911186794173821,0,0
2025-09-17 05:17:00+00:00,-0.6361501687715849,0,0
2025-09-17 05:18:00+00:00,-0.4284931400636032,1,0
2025-09-17 05:19:00+00:00,-0.49690766294936606,0,0
2025-09-17 05:20:00+00:00,-0.6736869362294337,1,0
2025-09-17 05:21:00+00:00,-0.5617282483933691,1,0
2025-09-17 05:22:00+00:00,-0.5590963703326475,0,0
2025-09-17 05:23:00+00:00,-0.6023340237910112,0,0
2025-09-17 05:24:00+00:00,-0.4800980950227849,1,0
2025-09-17 05:25:00+00:00,-0.3820353857457469,0,0
2025-09-17 05:26:00+00:00,-0.5010453686300499,0,0
2025-09-17 05:27:00+00:00,-0.43439517375591363,1,0
2025-09-17 05:28:00+00:00,-0.4367038936060047,0,0
2025-09-17 05:29:00+00:00,-0.41539718898284317,1,0
2025-09-17 05:30:00+00:00,-0.5638607764259622,1,0
2025-09-17 05:31:00+00:00,-0.5296996775369495,2,0
2025-09-17 05:32:00+00:00,-0.6178917911418834,0,0
2025-09-17 05:33:00+00:00,-0.5102763046294532,0,0
2025-09-17 05:34:00+00:00,-0.4733181008837455,2,0
2025-09-17 05:35:00+00:00,-0.5560386320950699,0,0
2025-09-17 05:36:00+00:00,-0.48711554116307565,0,0
2025-09-17 05:37:00+00:00,-0.4006394836468814,0,0
2025-09-17 05:38:00+00:00,-0.4959528693364552,1,0
2025-09-17 05:39:00+00:00,-0.4447266330657936,1,0
2025-09-17 05:40:00+00:00,-0.5308482789185391,0,0
2025-09-17 05:41:00+00:00,-0.47892549368104487,1,0
2025-09-17 05:42:00+00:00,-0.4726212459947148,1,0
2025-09-17 05:43:00+00:00,-0.45376491701428123,0,0
2025-09-17 05:44:00+00:00,-0.49294670864694345,1,0
2025-09-17 05:45:00+00:00,-0.5688269172954513,0,0
2025-09-17 05:46:00+00:00,-0.5132532852328917,0,0
2025-09-17 05:47:00+00:00,-0.5766829665867572,0,0
2025-09-17 05:48:00+00:00,-0.560952498091165,0,0
2025-09-17 05:49:00+00:00,-0.36974650097826844,0,0
2025-09-17 05:50:00+00:00,-0.42059581483947556,0,0
2025-09-17 05:51:00+00:00,-0.5099279007067253,1,0
2025-09-17 05:52:00+00:00,-0.5285694885742077,1,0
2025-09-17 05:53:00+00:00,-0.6535043215968074,1,0
2025-09-17 05:54:00+00:00,-0.4762042861912975,0,0
2025-09-17 05:55:00+00:00,-0.506362648872138,2,0
2025-09-17 05:56:00+00:00,-0.45026280155160664,1,0
2025-09-17 05:57:00+00:00,-0.6236459438972247,0,0
2025-09-17 05:58:00+00:00,-0.529489615040888,0,0
2025-09-17 05:59:00+00:00,-0.5030475397157985,0,0
2025-09-17 06:00:00+00:00,-0.45694526560644705,1,0
2025-09-17 06:01:00+00:00,-0.46858431208052703,1,0
2025-09-17 06:02:00+00:00,-0.45056329084071894,0,0
2025-09-17 06:03:00+00:00,-0.5088473206023884,0,0
2025-09-17 06:04:00+00:00,-0.6782289169810297,1,0
2025-09-17 06:05:00+00:00,-0.5912441686655315,0,0
2025-09-17 06:06:00+00:00,-0.538445067938107,1,0
2025-09-17 06:07:00+00:00,-0.49116168030315177,1,0
2025-09-17 06:08:00+00:00,-0.6246336890679529,0,0
2025-09-17 06:09:00+00:00,-0.4159430784495401,0,0
2025-09-17 06:10:00+00:00,-0.3999688152085686,1,0
2025-09-17 06:11:00+00:00,-0.5527116040482148,1,0
2025-09-17 06:12:00+00:00,-0.6638687314838927,1,0
2025-09-17 06:13:00+00:00,-0.407851354766061,1,0
2025-09-17 06:14:00+00:00,-0.4401357001503524,0,0
2025-09-17 06:15:00+00:00,-0.5454442649064593,0,0
2025-09-17 06:16:00+00:00,-0.49912430864791113,1,0
2025-09-17 06:17:00+00:00,-0.3330049374293827,0,0
2025-09-17 06:18:00+00:00,-0.5065036823757711,0,0
2025-09-17 06:19:00+00:00,-0.5168086620347814,1,0
2025-09-17 06:20:00+00:00,-0.40898437838644874,1,0
2025-09-17 06:21:00+00:00,-0.441570860147583,1,0
2025-09-17 06:22:00+00:00,-0.5002741033899314,1,0
2025-09-17 06:23:00+00:00,-0.5546134415552474,1,0
2025-09-17 06:24:00+00:00,-0.5357185919139416,1,0
2025-09-17 06:25:00+00:00,-0.34239503222426604,1,0
2025-09-17 06:26:00+00:00,-0.38846904243178065,0,0
2025-09-17 06:27:00+00:00,-0.537604879603326,0,0
2025-09-17 06:28:00+00:00,-0.6402925380476879,0,0
2025-09-17 06:29:00+00:00,-0.4509282264107274,0,0
2025-09-17 06:30:00+00:00,-0.49526891390343675,1,0
2025-09-17 06:31:00+00:00,-0.5635453057037442,1,0
2025-09-17 06:32:00+00:00,-0.4584773907942389,0,0
2025-09-17 06:33:00+00:00,-0.4953770525855881,1,0
2025-09-17 06:34:00+00:00,-0.45447614287641214,1,0
2025-09-17 06:35:00+00:00,-0.4640715997306445,0,0
2025-09-17 06:36:00+00:00,-0.4458851650087473,0,0
2025-09-17 06:37:00+00:00,-0.6151549936122473,0,0
2025-09-17 06:38:00+00:00,-0.5143506546627782,0,0
2025-09-17 06:39:00+00:00,-0.6314364584325987,0,0
2025-09-17 06:40:00+00:00,-0.3225741421743523,0,0
2025-09-17 06:41:00+00:00,-0.6728996457117563,2,0
2025-09-17 06:42:00+00:00,-0.4630907948236812,0,0
2025-09-17 06:43:00+00:00,-0.6075678783234185,0,0
2025-09-17 06:44:00+00:00,-0.37426647913837385,0,0
2025-09-17 06:45:00+00:00,-0.5521331173387901,0,0
2025-09-17 06:46:00+00:00,-0.5662014372050345,2,0
2025-09-17 06:47:00+00:00,-0.4368839238564942,0,0
2025-09-17 06:48:00+00:00,-0.501909748610708,1,0
2025-09-17 06:49:00+00:00,-0.49258871287180117,1,0
2025-09-17 06:50:00+00:00,-0.4772682896970668,1,0
2025-09-17 06:51:00+00:00,-0.568236200554763,0,0
2025-09-17 06:52:00+00:00,-0.5666448219500607,1,0
2025-09-17 06:53:00+00:00,-0.332150485700669,1,0
2025-09-17 06:54:00+00:00,-0.5277653111970388,1,0
2025-09-17 06:55:00+00:00,-0.5166009870115611,0,0
2025-09-17 06:56:00+00:00,-0.4847731359708184,0,0
2025-09-17 06:57:00+00:00,-0.5155781671509659,1,0
2025-09-17 06:58:00+00:00,-0.6248825919905283,2,0
2025-09-17 06:59:00+00:00,-0.4970235825606967,0,0
2025-09-17 07:00:00+00:00,-0.4785080237908058,1,0
2025-09-17 07:01:00+00:00,-0.557856148053024,1,0
2025-09-17 07:02:00+00:00,-0.32795778228576034,0,0
2025-09-17 07:03:00+00:00,-0.4650229953601692,0,0
2025-09-17 07:04:00+00:00,-0.4264461325094674,0,0
2025-09-17 07:05:00+00:00,-0.47995254014600053,1,0
2025-09-17 07:06:00+00:00,-0.48156239910300014,0,0
2025-09-17 07:07:00+00:00,-0.3786401002265592,2,0
2025-09-17 07:08:00+00:00,-0.580375986022136,1,0
2025-09-17 07:09:00+00:00,-0.5237370944363199,1,0
2025-09-17 07:10:00+00:00,-0.4233955792855109,0,0
2025-09-17 07:11:00+00:00,-0.48462344370576754,1,0
2025-09-17 07:12:00+00:00,-0.4466398517415185,1,0
2025-09-17 07:13:00+00:00,-0.6168001322510559,1,0
2025-09-17 07:14:00+00:00,-0.36959210887389726,1,0
2025-09-17 07:15:00+00:00,-0.405229615521269,0,0
2025-09-17 07:16:00+00:00,-0.4314395549381508,0,0
2025-09-17 07:17:00+00:00,-0.40700348128240094,0,0
2025-09-17 07:18:00+00:00,-0.5043929800601774,1,0
2025-09-17 07:19:00+00:00,-0.4906425480192129,1,0
2025-09-17 07:20:00+00:00,-0.510194770983649,1,0
2025-09-17 07:21:00+00:00,-0.4602318774677419,0,0
2025-09-17 07:22:00+00:00,-0.5490507732209888,1,0
2025-09-17 07:23:00+00:00,-0.3497299607201675,0,0
2025-09-17 07:24:00+00:00,-0.4388507482059181,1,0
2025-09-17 07:25:00+00:00,-0.491723515761445,0,0
2025-09-17 07:26:00+00:00,-0.5764949446446511,0,0
2025-09-17 07:27:00+00:00,-0.5628193127416535,1,0
2025-09-17 07:28:00+00:00,-0.38715506080371376,1,0
2025-09-17 07:29:00+00:00,-0.4868918764528975,1,0
2025-09-17 07:30:00+00:00,-0.48040840670446644,0,0
2025-09-17 07:31:00+00:00,-0.5561870015881436,0,0
2025-09-17 07:32:00+00:00,-0.5714215796500843,1,0
2025-09-17 07:33:00+00:00,-0.4606453197558967,1,0
2025-09-17 07:34:00+00:00,-0.6400122857413367,0,0
2025-09-17 07:35:00+00:00,-0.46172680168831937,0,0
2025-09-17 07:36:00+00:00,-0.40178414365062676,1,0
2025-09-17 07:37:00+00:00,-0.41072003431154724,1,0
2025-09-17 07:38:00+00:00,-0.33647337609776007,1,0
2025-09-17 07:39:00+00:00,-0.5073335317228758,1,0
2025-09-17 07:40:00+00:00,-0.4900333085651322,0,0
2025-09-17 07:41:00+00:00,-0.5310452214146746,0,0
2025-09-17 07:42:00+00:00,-0.5324243283659109,1,0
2025-09-17 07:43:00+00:00,-0.48493977315218606,1,0
2025-09-17 07:44:00+00:00,-0.5586555673452032,1,0
2025-09-17 07:45:00+00:00,-0.6255576136524916,2,0
2025-09-17 07:46:00+00:00,-0.5003225194296539,0,0
2025-09-17 07:47:00+00:00,-0.4130040793288241,0,0
2025-09-17 07:48:00+00:00,-0.4120633770710615,0,0
2025-09-17 07:49:00+00:00,-0.4412675573294995,1,0
2025-09-17 07:50:00+00:00,-0.53223946448088,2,0
2025-09-17 07:51:00+00:00,-0.3929581853756753,0,0
2025-09-17 07:52:00+00:00,-0.5180867901844823,0,0
2025-09-17 07:53:00+00:00,-0.6477918118333397,1,0
2025-09-17 07:54:00+00:00,-0.5602659069587143,1,0
2025-09-17 07:55:00+00:00,-0.4752391215523171,0,0
2025-09-17 07:56:00+00:00,-0.532386217742181,0,0
2025-09-17 07:57:00+00:00,-0.4502034436169966,0,0
2025-09-17 07:58:00+00:00,-0.47629814697685047,0,0
2025-09-17 07:59:00+00:00,-0.6056816461633683,0,0
2025-09-17 08:00:00+00:00,-0.5477347164636736,0,0
2025-09-17 08:01:00+00:00,-0.47837886761559845,1,0
2025-09-17 08:02:00+00:00,-0.4520794102136557,0,0
2025-09-17 08:03:00+00:00,-0.6036633720813899,1,0
2025-09-17 08:04:00+00:00,-0.48654103956352945,1,0
2025-09-17 08:05:00+00:00,-0.6413101770707501,1,0
2025-09-17 08:06:00+00:00,-0.4048136908213592,0,0
2025-09-17 08:07:00+00:00,-0.5129490430378945,0,0
2025-09-17 08:08:00+00:00,-0.4175314985111223,2,0
2025-09-17 08:09:00+00:00,-0.4175919124837956,0,0
2025-09-17 08:10:00+00:00,-0.582755350841725,1,0
2025-09-17 08:11:00+00:00,-0.5687055777011273,2,0
2025-09-17 08:12:00+00:00,-0.34770384655331865,0,0
2025-09-17 08:13:00+00:00,-0.449162397315539,1,0
2025-09-17 08:14:00+00:00,-0.43117938465211814,1,0
2025-09-17 08:15:00+00:00,-0.37728869633868245,1,0
2025-09-17 08:16:00+00:00,-0.6061131571695854,1,0
2025-09-17 08:17:00+00:00,-0.4655997339071595,0,0
2025-09-17 08:18:00+00:00,-0.5784796720542533,0,0
2025-09-17 08:19:00+00:00,-0.45969348313911906,0,0
2025-09-17 08:20:00+00:00,-0.5356662964412026,2,0
2025-09-17 08:21:00+00:00,-0.4294632050934379,1,0
2025-09-17 08:22:00+00:00,-0.43435573427966695,0,0
2025-09-17 08:23:00+00:00,-0.460277132755894,1,0
2025-09-17 08:24:00+00:00,-0.5096220503447737,1,0
2025-09-17 08:25:00+00:00,-0.46809166421904874,0,0
2025-09-17 08:26:00+00:00,2.454795064449738,6,0
2025-09-17 08:27:00+00:00,2.401824551491202,7,1
2025-09-17 08:28:00+00:00,2.305822680625923,5,1
2025-09-17 08:29:00+00:00,1.870847549613674,5,0
2025-09-17 08:30:00+00:00,2.2668571134244284,8,1
2025-09-17 08:31:00+00:00,2.6770210660957634,7,1
2025-09-17 08:32:00+00:00,2.4508772105729784,5,0
2025-09-17 08:33:00+00:00,2.084029838218849,9,1
2025-09-17 08:34:00+00:00,2.618228272281315,4,1
2025-09-17 08:35:00+00:00,2.8653728653958033,9,1
2025-09-17 08:36:00+00:00,3.0742016942535852,8,1
2025-09-17 08:37:00+00:00,2.572034971932557,7,0
2025-09-17 08:38:00+00:00,2.8693649551606213,10,1
2025-09-17 08:39:00+00:00,2.5728687301800397,7,0
2025-09-17 08:40:00+00:00,3.213185371985261,6,2
2025-09-17 08:41:00+00:00,2.5438296943497845,8,1
2025-09-17 08:42:00+00:00,2.4750462061015637,8,1
2025-09-17 08:43:00+00:00,2.9002029485210334,8,1
2025-09-17 08:44:00+00:00,2.5760222010092666,8,1
2025-09-17 08:45:00+00:00,3.6602187539111153,4,1
2025-09-17 08:46:00+00:00,2.513917469154475,6,0
2025-09-17 08:47:00+00:00,3.1992185186979594,10,0
2025-09-17 08:48:00+00:00,2.8260304751207626,3,1
2025-09-17 08:49:00+00:00,3.245720674754878,5,2
2025-09-17 08:50:00+00:00,3.275825769265318,8,1
2025-09-17 08:51:00+00:00,3.2183341956249145,8,1
2025-09-17 08:52:00+00:00,2.8646238001212976,3,1
2025-09-17 08:53:00+00:00,3.185058946651518,9,0
2025-09-17 08:54:00+00:00,4.141852572213253,9,1
2025-09-17 08:55:00+00:00,3.573606858242075,7,2
2025-09-17 08:56:00+00:00,4.096995443027571,10,1
2025-09-17 08:57:00+00:00,3.4185541071157384,8,0
2025-09-17 08:58:00+00:00,4.000687509191769,8,2
2025-09-17 08:59:00+00:00,4.471765273649495,8,0
2025-09-17 09:00:00+00:00,3.7347690814686025,4,2
2025-09-17 09:01:00+00:00,3.4772833440735655,11,2
2025-09-17 09:02:00+00:00,3.476736417678223,8,0
2025-09-17 09:03:00+00:00,3.7100202541061855,4,1
2025-09-17 09:04:00+00:00,3.973665432331673,7,1
2025-09-17 09:05:00+00:00,4.557788023651116,12,1
2025-09-17 09:06:00+00:00,3.818197744508937,12,2
2025-09-17 09:07:00+00:00,4.035327679823496,6,2
2025-09-17 09:08:00+00:00,4.015899283271751,6,2
2025-09-17 09:09:00+00:00,4.258101691288331,6,1
2025-09-17 09:10:00+00:00,4.853594714515985,6,2
2025-09-17 09:11:00+00:00,3.9850233622443656,12,1
2025-09-17 09:12:00+00:00,3.782262330541073,10,3
2025-09-17 09:13:00+00:00,4.889471878928577,5,2
2025-09-17 09:14:00+00:00,5.175020400242899,5,1
2025-09-17 09:15:00+00:00,3.9350028792942657,7,2
2025-09-17 09:16:00+00:00,4.90402879803077,12,1
2025-09-17 09:17:00+00:00,3.992682862912843,6,1
2025-09-17 09:18:00+00:00,5.089511218954893,6,1
2025-09-17 09:19:00+00:00,5.199099487829332,6,2
2025-09-17 09:20:00+00:00,5.1655753883993,12,1
2025-09-17 09:21:00+00:00,5.828814690023894,10,3
2025-09-17 09:22:00+00:00,4.422642677718093,13,2
2025-09-17 09:23:00+00:00,4.496373902909102,8,0
2025-09-17 09:24:00+00:00,5.735508925298561,12,2
2025-09-17 09:25:00+00:00,4.449832247963134,12,1
2025-09-17 09:26:00+00:00,5.480060215429413,5,0
2025-09-17 09:27:00+00:00,5.057744627451371,13,1
2025-09-17 09:28:00+00:00,4.413270306585117,12,2
2025-09-17 09:29:00+00:00,4.709717094901733,5,1
2025-09-17 09:30:00+00:00,5.4781275802354985,16,0
2025-09-17 09:31:00+00:00,4.589962640121622,11,3
2025-09-17 09:32:00+00:00,6.015332750919919,15,1
2025-09-17 09:33:00+00:00,5.588869478119774,7,2
2025-09-17 09:34:00+00:00,6.735988952884084,13,3
2025-09-17 09:35:00+00:00,4.892652372702779,16,1
2025-09-17 09:36:00+00:00,6.745818182258201,11,1
2025-09-17 09:37:00+00:00,6.980476767063263,8,0
2025-09-17 09:38:00+00:00,6.340190771685151,7,2
2025-09-17 09:39:00+00:00,5.680225030393126,14,0
2025-09-17 09:40:00+00:00,5.751051034492372,16,2
2025-09-17 09:41:00+00:00,4.852352012949995,11,1
2025-09-17 09:42:00+00:00,6.620467988938198,7,2
2025-09-17 09:43:00+00:00,5.5357231674892144,12,3
2025-09-17 09:44:00+00:00,4.226835250996642,12,1
2025-09-17 09:45:00+00:00,5.506256534679531,15,1
2025-09-17 09:46:00+00:00,3.7668371328149837,7,2
2025-09-17 09:47:00+00:00,3.6598111609456354,11,2
2025-09-17 09:48:00+00:00,4.822735973304539,4,1
2025-09-17 09:49:00+00:00,3.4172132878011494,6,2
2025-09-17 09:50:00+00:00,3.5298027354952,11,2
2025-09-17 09:51:00+00:00,3.0958543693358775,6,2
2025-09-17 09:52:00+00:00,3.7322084461290994,12,0
2025-09-17 09:53:00+00:00,2.7466372938917694,5,1
2025-09-17 09:54:00+00:00,2.964557129896708,11,1
2025-09-17 09:55:00+00:00,2.40185105998627,11,1
2025-09-17 09:56:00+00:00,2.8447878468900587,12,2
2025-09-17 09:57:00+00:00,1.883105872334441,8,2
2025-09-17 09:58:00+00:00,2.2159515733279846,6,1
2025-09-17 09:59:00+00:00,1.6499079486094648,10,1
2025-09-17 10:00:00+00:00,1.9755637948777713,8,1
2025-09-17 10:01:00+00:00,1.6662911122854562,6,1
2025-09-17 10:02:00+00:00,1.2634461419412057,6,1
2025-09-17 10:03:00+00:00,1.175418647706753,9,1
2025-09-17 10:04:00+00:00,1.0092044682211099,6,0
2025-09-17 10:05:00+00:00,1.2090193659059676,4,0
2025-09-17 10:06:00+00:00,1.0820270388674111,6,1
2025-09-17 10:07:00+00:00,0.7300881026279937,8,1
2025-09-17 10:08:00+00:00,0.7315357664210961,7,1
2025-09-17 10:09:00+00:00,0.5305159375140531,3,1
2025-09-17 10:10:00+00:00,0.39078620352612936,8,1
2025-09-17 10:11:00+00:00,0.46069257571626,3,0
2025-09-17 10:12:00+00:00,0.33655588872067466,7,0
2025-09-17 10:13:00+00:00,0.15896878379278925,7,1
2025-09-17 10:14:00+00:00,0.16550591458323904,2,1
2025-09-17 10:15:00+00:00,-0.024442752939439052,5,1
2025-09-17 10:16:00+00:00,0.04137429233395696,4,0
2025-09-17 10:17:00+00:00,-0.06329408333406113,6,1
2025-09-17 10:18:00+00:00,-0.15960104947081105,5,1
2025-09-17 10:19:00+00:00,-0.22345486936998255,3,0
2025-09-17 10:20:00+00:00,-0.29382697232906274,4,1
2025-09-17 10:21:00+00:00,-0.5078104453578693,2,1
2025-09-17 10:22:00+00:00,-0.4503749406437756,7,1
2025-09-17 10:23:00+00:00,-0.5664790735818722,2,0
2025-09-17 10:24:00+00:00,-0.7171027457127732,3,0
2025-09-17 10:25:00+00:00,-0.5586681129464345,5,0
2025-09-17 10:26:00+00:00,-0.5303160339884135,6,0
