timestamp,gpu_allocated_percent,gpu_busy_percent
2025-09-16 10:26:00+00:00,90.77620246612777,86.67837323738254
2025-09-16 10:27:00+00:00,90.76223219835956,84.95254842096308
2025-09-16 10:28:00+00:00,89.45560011490936,86.46606941877525
2025-09-16 10:29:00+00:00,89.74674496528702,85.59527040641252
2025-09-16 10:30:00+00:00,90.85806271663925,85.29929546479363
2025-09-16 10:31:00+00:00,89.93444447929372,86.35883887564172
2025-09-16 10:32:00+00:00,89.28724020204308,84.97524502258354
2025-09-16 10:33:00+00:00,89.12899832824897,86.674580599621
2025-09-16 10:34:00+00:00,90.33991637809208,85.14309117245473
2025-09-16 10:35:00+00:00,89.86885462499977,86.93787727255587
2025-09-16 10:36:00+00:00,90.04626821955736,86.9831505273263
2025-09-16 10:37:00+00:00,89.71879253023836,86.75387345740026
2025-09-16 10:38:00+00:00,90.60735399254948,87.53297758069333
2025-09-16 10:39:00+00:00,89.96176454090083,87.12323490908231
2025-09-16 10:40:00+00:00,90.68178672132659,87.49842929531842
2025-09-16 10:41:00+00:00,89.19251797207528,85.06634234009917
2025-09-16 10:42:00+00:00,90.19571252216149,87.13646609263681
2025-09-16 10:43:00+00:00,89.63065464689107,84.44058971305398
2025-09-16 10:44:00+00:00,90.60072197501981,86.58672967910667
2025-09-16 10:45:00+00:00,89.13149543107106,86.13115137338777
2025-09-16 10:46:00+00:00,90.85721862981688,86.88389217040086
2025-09-16 10:47:00+00:00,89.72005588850588,84.60971326022437
2025-09-16 10:48:00+00:00,89.30693945520429,85.07465835369607
2025-09-16 10:49:00+00:00,90.08619657601653,86.56255856242215
2025-09-16 10:50:00+00:00,90.63469093122112,86.0446389874233
2025-09-16 10:51:00+00:00,89.28597561766277,84.30668779213478
2025-09-16 10:52:00+00:00,89.85516497603547,86.45169098437135
2025-09-16 10:53:00+00:00,89.5956943683309,84.6762544991324
2025-09-16 10:54:00+00:00,89.11111465187611,86.23989342883873
2025-09-16 10:55:00+00:00,89.94195298989317,87.26771518934156
2025-09-16 10:56:00+00:00,89.17657833934906,84.30471743813182
2025-09-16 10:57:00+00:00,90.07979218270414,86.65444807658741
2025-09-16 10:58:00+00:00,90.80910524343956,86.81555018229878
2025-09-16 10:59:00+00:00,89.59088370726127,86.19760511167757
2025-09-16 11:00:00+00:00,90.38824381522471,84.33507081497586
2025-09-16 11:01:00+00:00,90.6812295638891,87.19710741049978
2025-09-16 11:02:00+00:00,89.8559586337358,86.32393683804356
2025-09-16 11:03:00+00:00,89.7664948349159,87.02882404923093
2025-09-16 11:04:00+00:00,89.61925277788612,87.18931941111208
2025-09-16 11:05:00+00:00,90.58200687785258,86.89275370627948
2025-09-16 11:06:00+00:00,90.54536958636994,85.887867645546
2025-09-16 11:07:00+00:00,90.15940823391365,84.84871955526127
2025-09-16 11:08:00+00:00,89.64969726943171,87.53028575447823
2025-09-16 11:09:00+00:00,90.8415637959759,85.58855350209654
2025-09-16 11:10:00+00:00,89.7128836322058,85.50456850173882
2025-09-16 11:11:00+00:00,89.21200356900438,87.31737394483696
2025-09-16 11:12:00+00:00,89.68196270787837,85.16947239927427
2025-09-16 11:13:00+00:00,89.68122047759988,84.95344142392557
2025-09-16 11:14:00+00:00,89.87659201602679,85.36701575891881
2025-09-16 11:15:00+00:00,90.7785945975074,85.41372214204713
2025-09-16 11:16:00+00:00,89.8946142117384,86.81884107743768
2025-09-16 11:17:00+00:00,89.32120037217088,85.48374706373723
2025-09-16 11:18:00+00:00,89.60913497053484,87.13154298938686
2025-09-16 11:19:00+00:00,89.67251602878305,87.4350290299376
2025-09-16 11:20:00+00:00,90.32660009361747,86.85035726897175
2025-09-16 11:21:00+00:00,89.39940861311203,85.13875077332538
2025-09-16 11:22:00+00:00,89.35189430505542,87.10881935279087
2025-09-16 11:23:00+00:00,90.05412853173077,84.5717412150511
2025-09-16 11:24:00+00:00,89.9017231818194,87.57180213396813
2025-09-16 11:25:00+00:00,89.40462712142887,84.60242623383749
2025-09-16 11:26:00+00:00,90.7174783780453,87.52580381512313
2025-09-16 11:27:00+00:00,90.66758174958538,85.74250472705255
2025-09-16 11:28:00+00:00,90.45715903006399,87.08595369229484
2025-09-16 11:29:00+00:00,90.67376838177448,85.3105412127052
2025-09-16 11:30:00+00:00,90.81560052648095,86.98289430869406
2025-09-16 11:31:00+00:00,89.87892010178888,86.09037740140813
2025-09-16 11:32:00+00:00,89.16917185974395,87.52578099768469
2025-09-16 11:33:00+00:00,89.6159612291045,87.33230840298428
2025-09-16 11:34:00+00:00,89.11275385946958,86.23614723517012
2025-09-16 11:35:00+00:00,89.61349528398834,86.05703171511392
2025-09-16 11:36:00+00:00,89.9227741908874,85.18339284892635
2025-09-16 11:37:00+00:00,89.98247524235929,86.15525572646543
2025-09-16 11:38:00+00:00,89.4908515979148,85.73125140841421
2025-09-16 11:39:00+00:00,90.041977233714,84.64576004111795
2025-09-16 11:40:00+00:00,89.37585188133012,86.70022489610821
2025-09-16 11:41:00+00:00,90.30356337513452,86.86275872649432
2025-09-16 11:42:00+00:00,89.21272194943425,86.82765754357366
2025-09-16 11:43:00+00:00,90.676768617245,87.5907397346812
2025-09-16 11:44:00+00:00,90.8938764365762,85.28126632811544
2025-09-16 11:45:00+00:00,89.30583067553655,86.75617155602941
2025-09-16 11:46:00+00:00,89.96492185528524,86.28382431767734
2025-09-16 11:47:00+00:00,90.68362740392827,86.26686651018466
2025-09-16 11:48:00+00:00,90.55675711791945,85.92023243601359
2025-09-16 11:49:00+00:00,89.75814612904053,86.38388117756939
2025-09-16 11:50:00+00:00,89.42977734497869,84.96880469189482
2025-09-16 11:51:00+00:00,89.97870203208223,84.29702612554414
2025-09-16 11:52:00+00:00,89.46786273294845,86.51004420646812
2025-09-16 11:53:00+00:00,90.37464669960735,85.10057005701077
2025-09-16 11:54:00+00:00,89.49976495378172,87.56051193319064
2025-09-16 11:55:00+00:00,90.59087578544282,87.59539450914366
2025-09-16 11:56:00+00:00,90.4641095196526,87.24886637320371
2025-09-16 11:57:00+00:00,90.3454609183302,87.46246776837724
2025-09-16 11:58:00+00:00,90.47342420782655,86.45029725338333
2025-09-16 11:59:00+00:00,90.07401292834868,87.38822248735899
2025-09-16 12:00:00+00:00,90.67451497490292,87.51206584219806
2025-09-16 12:01:00+00:00,90.31533077101692,86.56246851675901
2025-09-16 12:02:00+00:00,89.5828120002087,84.57337416699836
2025-09-16 12:03:00+00:00,90.44010654986975,87.48368761430203
2025-09-16 12:04:00+00:00,89.16889187138831,85.00231655537662
2025-09-16 12:05:00+00:00,89.65221254759193,86.480417616203
2025-09-16 12:06:00+00:00,90.17822951088102,85.54428539475329
2025-09-16 12:07:00+00:00,89.40168776225813,85.5642010618298
2025-09-16 12:08:00+00:00,89.96060190067,85.67275975809132
2025-09-16 12:09:00+00:00,89.48680055875596,86.84153948638671
2025-09-16 12:10:00+00:00,90.27161353889996,86.83251937182581
2025-09-16 12:11:00+00:00,89.16141112577479,86.77366247355035
2025-09-16 12:12:00+00:00,89.82721442425907,86.54359897140613
2025-09-16 12:13:00+00:00,90.26528109930995,84.60598569464653
2025-09-16 12:14:00+00:00,90.03290414512709,86.14391118508686
2025-09-16 12:15:00+00:00,89.7956574794274,85.34922612706778
2025-09-16 12:16:00+00:00,89.60864950368503,84.69434171688398
2025-09-16 12:17:00+00:00,90.34607636027214,85.22588936019424
2025-09-16 12:18:00+00:00,90.14159480846554,85.39478650506926
2025-09-16 12:19:00+00:00,90.23863461525285,85.36374246248799
2025-09-16 12:20:00+00:00,89.84932345523367,84.55854335108046
2025-09-16 12:21:00+00:00,90.03244458109647,85.07648508412268
2025-09-16 12:22:00+00:00,90.57448750140645,84.72313146004059
2025-09-16 12:23:00+00:00,90.62884023979596,84.318026790682
2025-09-16 12:24:00+00:00,89.94701955315733,84.54385191415003
2025-09-16 12:25:00+00:00,89.51309645447478,84.56999262435409
2025-09-16 12:26:00+00:00,89.41648687385144,86.41501032409009
2025-09-16 12:27:00+00:00,89.19645355977842,84.44049540239106
2025-09-16 12:28:00+00:00,89.29120495182659,84.66250715125312
2025-09-16 12:29:00+00:00,90.70677074257921,86.37732787287742
2025-09-16 12:30:00+00:00,89.68360103267321,85.02213595379237
2025-09-16 12:31:00+00:00,90.04993812214096,86.860608078531
2025-09-16 12:32:00+00:00,89.80907955705574,86.5766890247511
2025-09-16 12:33:00+00:00,89.41303435213098,86.99706024850762
2025-09-16 12:34:00+00:00,89.27361028560357,86.70048796340294
2025-09-16 12:35:00+00:00,90.02267927296826,84.53074242645063
2025-09-16 12:36:00+00:00,90.86997797690029,87.0225718573164
2025-09-16 12:37:00+00:00,90.80030206818283,87.03514652147338
2025-09-16 12:38:00+00:00,90.47580019910622,86.32728804033012
2025-09-16 12:39:00+00:00,90.39104339694646,86.5262613693435
2025-09-16 12:40:00+00:00,89.82346985959813,84.70038195023233
2025-09-16 12:41:00+00:00,89.24083536818216,85.13497600509106
2025-09-16 12:42:00+00:00,90.09688430313945,85.38464901343339
2025-09-16 12:43:00+00:00,89.63416223210142,85.32095164748326
2025-09-16 12:44:00+00:00,90.68501545199369,85.584711391151
2025-09-16 12:45:00+00:00,90.63153249230447,87.29064186087331
2025-09-16 12:46:00+00:00,89.83870734061449,85.28220965381824
2025-09-16 12:47:00+00:00,89.36345685074353,87.2435874510889
2025-09-16 12:48:00+00:00,90.00905716926414,87.12232536215546
2025-09-16 12:49:00+00:00,90.68737292182321,87.18794286170953
2025-09-16 12:50:00+00:00,89.88350846324118,86.13769129062406
2025-09-16 12:51:00+00:00,89.63043950359788,86.68861105946613
2025-09-16 12:52:00+00:00,90.40173218953812,85.75058721254774
2025-09-16 12:53:00+00:00,89.81898466230228,86.46623851903908
2025-09-16 12:54:00+00:00,90.01292448505103,86.35331513035035
2025-09-16 12:55:00+00:00,89.62546522266126,85.23869878802998
2025-09-16 12:56:00+00:00,90.78073847282121,87.52243332342013
2025-09-16 12:57:00+00:00,89.91610109220777,87.53455123401436
2025-09-16 12:58:00+00:00,90.19635085899982,87.48237126034007
2025-09-16 12:59:00+00:00,89.16865159623268,84.5751909751297
2025-09-16 13:00:00+00:00,90.30621244298949,85.91699687006678
2025-09-16 13:01:00+00:00,89.60799231494659,85.02516167397975
2025-09-16 13:02:00+00:00,89.56146807314579,84.5262848296179
2025-09-16 13:03:00+00:00,89.2205628482559,85.91755205333166
2025-09-16 13:04:00+00:00,89.23675540670199,85.25394776213886
2025-09-16 13:05:00+00:00,90.3609456899797,86.39683640711084
2025-09-16 13:06:00+00:00,90.37108295646793,86.2660961117481
2025-09-16 13:07:00+00:00,90.55323268281178,84.47263264774591
2025-09-16 13:08:00+00:00,89.37328331847579,87.31289054053286
2025-09-16 13:09:00+00:00,89.5107158123127,85.61866516721888
2025-09-16 13:10:00+00:00,89.99541041186397,87.06771266969189
2025-09-16 13:11:00+00:00,89.98033921636777,85.76676660739001
2025-09-16 13:12:00+00:00,89.6069463716943,85.41341601206238
2025-09-16 13:13:00+00:00,90.44043320631035,85.56861788392662
2025-09-16 13:14:00+00:00,90.72292155089879,87.57698251984081
2025-09-16 13:15:00+00:00,90.08252487595118,84.501620083628
2025-09-16 13:16:00+00:00,89.5880928693992,84.59885476268184
2025-09-16 13:17:00+00:00,90.85352579751708,85.75156043137625
2025-09-16 13:18:00+00:00,90.89856275774856,87.56218956170723
2025-09-16 13:19:00+00:00,90.88401063060243,86.21482515114037
2025-09-16 13:20:00+00:00,90.25348633492314,87.20338759607101
2025-09-16 13:21:00+00:00,89.15087234537665,84.49474151176823
2025-09-16 13:22:00+00:00,90.37832731968993,85.56800443993885
2025-09-16 13:23:00+00:00,89.76807758668849,86.5696003505154
2025-09-16 13:24:00+00:00,89.75048178466274,85.81382434611898
2025-09-16 13:25:00+00:00,89.22404425585393,85.32212752598193
2025-09-16 13:26:00+00:00,90.86017699646422,85.02353696485656
2025-09-16 13:27:00+00:00,90.61196326760182,86.03623172368403
2025-09-16 13:28:00+00:00,89.9610884129402,86.4520640953222
2025-09-16 13:29:00+00:00,90.69922712047085,85.28088826547184
2025-09-16 13:30:00+00:00,90.19530223473194,85.68966914185472
2025-09-16 13:31:00+00:00,89.65852500697295,85.5576896722217
2025-09-16 13:32:00+00:00,89.70026598807974,86.1408772464161
2025-09-16 13:33:00+00:00,90.29526478031957,85.37765890693686
2025-09-16 13:34:00+00:00,90.17165434272982,85.54360205545215
2025-09-16 13:35:00+00:00,89.94822543564179,85.11993815384906
2025-09-16 13:36:00+00:00,90.41540946379418,86.68738541614547
2025-09-16 13:37:00+00:00,90.04806712518958,85.9845037021293
2025-09-16 13:38:00+00:00,89.97928247648929,85.56097144808291
2025-09-16 13:39:00+00:00,90.46334098870179,86.63706758356294
2025-09-16 13:40:00+00:00,90.7828699261431,85.22972981537367
2025-09-16 13:41:00+00:00,90.74908728763003,84.97666497018993
2025-09-16 13:42:00+00:00,89.54399108739578,85.73441272281998
2025-09-16 13:43:00+00:00,90.15754481143665,85.1851588487754
2025-09-16 13:44:00+00:00,89.30905521325472,86.67590108818003
2025-09-16 13:45:00+00:00,89.90769305598512,84.72771930190758
2025-09-16 13:46:00+00:00,90.18589588087542,86.43632492445728
2025-09-16 13:47:00+00:00,89.58667581133076,84.91491029646735
2025-09-16 13:48:00+00:00,90.84422691731795,86.97592282998166
2025-09-16 13:49:00+00:00,90.21473400275944,85.30743836952757
2025-09-16 13:50:00+00:00,89.28910995927048,84.94785847588189
2025-09-16 13:51:00+00:00,90.76270001402264,85.10074131808838
2025-09-16 13:52:00+00:00,89.3467803491095,85.8066070640263
2025-09-16 13:53:00+00:00,89.48360629794603,87.44943719391246
2025-09-16 13:54:00+00:00,90.71608754275768,86.92117773121808
2025-09-16 13:55:00+00:00,89.89207057701408,87.09187778415007
2025-09-16 13:56:00+00:00,89.88918307142139,85.80652237605062
2025-09-16 13:57:00+00:00,89.88191804571898,86.08964682883823
2025-09-16 13:58:00+00:00,90.44596552216306,85.5926600842735
2025-09-16 13:59:00+00:00,90.11746728494737,87.00168056362747
2025-09-16 14:00:00+00:00,90.47071508063698,84.92558099467607
2025-09-16 14:01:00+00:00,90.35279414234643,85.09160145591824
2025-09-16 14:02:00+00:00,89.71338378706837,84.92465609223495
2025-09-16 14:03:00+00:00,89.51889154637793,86.80877825023498
2025-09-16 14:04:00+00:00,90.83271738060228,86.23254028699692
2025-09-16 14:05:00+00:00,90.501724915193,86.51228913304494
2025-09-16 14:06:00+00:00,90.67308764553053,84.47831468188396
2025-09-16 14:07:00+00:00,89.9989040356275,85.47496352310084
2025-09-16 14:08:00+00:00,89.3343062456561,85.55042050406706
2025-09-16 14:09:00+00:00,90.69606041106006,86.66804777496567
2025-09-16 14:10:00+00:00,89.63622244717425,85.99469399938734
2025-09-16 14:11:00+00:00,90.47065563867412,84.6201294119529
2025-09-16 14:12:00+00:00,89.34281081081708,86.5063444996956
2025-09-16 14:13:00+00:00,90.62391702360782,85.70228710386974
2025-09-16 14:14:00+00:00,90.216909478252,86.52213343632218
2025-09-16 14:15:00+00:00,90.51237409514916,84.72803791555646
2025-09-16 14:16:00+00:00,89.97861455328437,87.33225798531217
2025-09-16 14:17:00+00:00,89.16333534844446,85.5285337399681
2025-09-16 14:18:00+00:00,90.89500938474916,84.68690520451123
2025-09-16 14:19:00+00:00,89.27095587931976,84.30479357899071
2025-09-16 14:20:00+00:00,90.794346905592,84.64408103857188
2025-09-16 14:21:00+00:00,90.6073071616995,85.11637836657451
2025-09-16 14:22:00+00:00,90.05848823666392,87.67033546943632
2025-09-16 14:23:00+00:00,89.8161131981297,85.0329740219697
2025-09-16 14:24:00+00:00,90.56943154937748,86.34916664529779
2025-09-16 14:25:00+00:00,90.66796386052758,84.65616206012213
2025-09-16 14:26:00+00:00,90.55650985987593,86.56857961794191
2025-09-16 14:27:00+00:00,90.6452405395036,86.90338744869666
2025-09-16 14:28:00+00:00,89.1132584732531,85.43359852368322
2025-09-16 14:29:00+00:00,89.7275288356793,85.89050978795466
2025-09-16 14:30:00+00:00,90.12086704416122,87.157303643749
2025-09-16 14:31:00+00:00,89.8369451508506,87.08703902190707
2025-09-16 14:32:00+00:00,90.6850597600364,86.20065584381909
2025-09-16 14:33:00+00:00,90.2437475721722,85.17746975872657
2025-09-16 14:34:00+00:00,89.15813768407553,85.19409867589337
2025-09-16 14:35:00+00:00,89.90074357630603,85.64570460160098
2025-09-16 14:36:00+00:00,89.38064892783709,87.57035036618193
2025-09-16 14:37:00+00:00,90.14419048067995,85.33205014245715
2025-09-16 14:38:00+00:00,90.73797439722894,85.2104798889344
2025-09-16 14:39:00+00:00,90.6769354896676,85.50261020039059
2025-09-16 14:40:00+00:00,89.16253787711538,84.90137091590289
2025-09-16 14:41:00+00:00,90.00167684292622,87.03555359358185
2025-09-16 14:42:00+00:00,90.15140138974525,86.72476181020279
2025-09-16 14:43:00+00:00,90.74084435127966,87.0221583385431
2025-09-16 14:44:00+00:00,89.6672150293637,85.81015517398852
2025-09-16 14:45:00+00:00,90.15463366532214,87.36147762448387
2025-09-16 14:46:00+00:00,89.39109371861379,87.24720954618066
2025-09-16 14:47:00+00:00,89.25496986018953,87.00017288278103
2025-09-16 14:48:00+00:00,90.24735457054655,84.72892228327319
2025-09-16 14:49:00+00:00,90.00155725359515,87.19832363308895
2025-09-16 14:50:00+00:00,89.64389314873537,87.03341329351701
2025-09-16 14:51:00+00:00,90.00663518540118,84.44531466703255
2025-09-16 14:52:00+00:00,90.78747432275783,87.48072896700444
2025-09-16 14:53:00+00:00,90.8020532403134,85.04707631337132
2025-09-16 14:54:00+00:00,90.41262092934153,87.12324517871443
2025-09-16 14:55:00+00:00,89.23042818740842,87.54371532833741
2025-09-16 14:56:00+00:00,90.57267546734299,86.81281591463566
2025-09-16 14:57:00+00:00,90.73355771932395,85.36916744043683
2025-09-16 14:58:00+00:00,89.35806931606419,84.71994441630649
2025-09-16 14:59:00+00:00,90.04866943705288,85.10600056517379
2025-09-16 15:00:00+00:00,89.2973342887991,85.72809802141619
2025-09-16 15:01:00+00:00,89.94759185490311,85.48864858373251
2025-09-16 15:02:00+00:00,90.65851379293167,86.15552047876679
2025-09-16 15:03:00+00:00,90.70220106810748,86.0420471973387
2025-09-16 15:04:00+00:00,90.76338832317084,86.82026760903979
2025-09-16 15:05:00+00:00,89.4352397857887,84.8924132377928
2025-09-16 15:06:00+00:00,90.12384708781688,85.1889744990511
2025-09-16 15:07:00+00:00,90.36686619500898,85.74977950517834
2025-09-16 15:08:00+00:00,90.1691364173651,85.69394257971463
2025-09-16 15:09:00+00:00,89.42337406917724,84.32713701641977
2025-09-16 15:10:00+00:00,89.29877125627085,85.99851928263271
2025-09-16 15:11:00+00:00,89.17381117103935,87.65146634966356
2025-09-16 15:12:00+00:00,90.20404527295412,84.54559730673877
2025-09-16 15:13:00+00:00,89.45231576485361,86.67237910581211
2025-09-16 15:14:00+00:00,89.64400555265395,86.31767806186936
2025-09-16 15:15:00+00:00,89.33941437397016,85.995248503433
2025-09-16 15:16:00+00:00,90.34124615112493,85.57135446258783
2025-09-16 15:17:00+00:00,90.41073042310249,85.81148896341725
2025-09-16 15:18:00+00:00,90.22546940270284,86.74786138349096
2025-09-16 15:19:00+00:00,90.6299377926949,87.11841099785298
2025-09-16 15:20:00+00:00,90.84755800852598,87.65755619862193
2025-09-16 15:21:00+00:00,90.0540292800938,85.32869012186043
2025-09-16 15:22:00+00:00,90.06715584605679,84.57139199515616
2025-09-16 15:23:00+00:00,90.44562309063993,85.87131370998492
2025-09-16 15:24:00+00:00,89.15608185281211,87.11054674412647
2025-09-16 15:25:00+00:00,89.27247124205,87.6856462902725
2025-09-16 15:26:00+00:00,90.89853659083258,86.1295008171393
2025-09-16 15:27:00+00:00,89.78398382730641,85.99962565401636
2025-09-16 15:28:00+00:00,90.72530560272392,85.33176682792211
2025-09-16 15:29:00+00:00,90.61415087621165,84.36812761619409
2025-09-16 15:30:00+00:00,89.39824304059974,84.79239349454576
2025-09-16 15:31:00+00:00,90.64402071442277,87.32641177538045
2025-09-16 15:32:00+00:00,90.32113547107684,84.94719081918932
2025-09-16 15:33:00+00:00,89.63347378920712,85.01547639847966
2025-09-16 15:34:00+00:00,89.59994549520513,84.92800811090119
2025-09-16 15:35:00+00:00,89.84670037464613,84.40606576230206
2025-09-16 15:36:00+00:00,89.81888957018035,87.21262206970809
2025-09-16 15:37:00+00:00,90.46515953217754,86.55171028812498
2025-09-16 15:38:00+00:00,90.5734954572514,84.76135887055582
2025-09-16 15:39:00+00:00,90.23667733871562,86.16349787739969
2025-09-16 15:40:00+00:00,90.70151813624513,84.95029857098616
2025-09-16 15:41:00+00:00,89.9188782294473,87.1845401379911
2025-09-16 15:42:00+00:00,89.24912029677569,87.20947063560988
2025-09-16 15:43:00+00:00,90.56598521341408,84.4702112763172
2025-09-16 15:44:00+00:00,89.44209706346194,84.67569224546143
2025-09-16 15:45:00+00:00,89.30149625261163,85.5513836791155
2025-09-16 15:46:00+00:00,90.77428162759738,84.5582181231911
2025-09-16 15:47:00+00:00,89.79557585420932,86.99349267458418
2025-09-16 15:48:00+00:00,89.18405226949804,85.23794984007068
2025-09-16 15:49:00+00:00,89.21759372600307,84.47369018235139
2025-09-16 15:50:00+00:00,90.73913628911298,86.32433244082982
2025-09-16 15:51:00+00:00,89.57772796178003,87.57783194765288
2025-09-16 15:52:00+00:00,89.70440754308629,85.26198970098659
2025-09-16 15:53:00+00:00,89.25856254575562,87.05693666121259
2025-09-16 15:54:00+00:00,90.12565879756016,85.72466587085094
2025-09-16 15:55:00+00:00,89.23578284576695,84.68934028447208
2025-09-16 15:56:00+00:00,90.43318966635702,85.49122040070606
2025-09-16 15:57:00+00:00,90.44465758451085,85.64636171049891
2025-09-16 15:58:00+00:00,89.46578136976778,86.2509146238193
2025-09-16 15:59:00+00:00,90.15128500454327,85.70385446379693
2025-09-16 16:00:00+00:00,89.29089659123979,84.41881381865399
2025-09-16 16:01:00+00:00,89.99122506111408,87.54269945716176
2025-09-16 16:02:00+00:00,89.71192378067406,84.95542437163773
2025-09-16 16:03:00+00:00,89.24493388325409,87.53260392238477
2025-09-16 16:04:00+00:00,90.04023915203462,84.63938521187457
2025-09-16 16:05:00+00:00,89.69280585504559,85.14731307443027
2025-09-16 16:06:00+00:00,90.1101303832206,86.21726471096986
2025-09-16 16:07:00+00:00,90.09135482726029,84.29579621475582
2025-09-16 16:08:00+00:00,90.60973895060444,86.99391453371828
2025-09-16 16:09:00+00:00,89.51766628850216,84.88910235937338
2025-09-16 16:10:00+00:00,89.44558702004223,86.76809580861764
2025-09-16 16:11:00+00:00,90.66959246842269,84.39329909745199
2025-09-16 16:12:00+00:00,89.5121440094901,84.4604560042875
2025-09-16 16:13:00+00:00,90.73671117267864,84.33421985499254
2025-09-16 16:14:00+00:00,89.79189185691821,86.88700119129619
2025-09-16 16:15:00+00:00,89.44226161325558,84.43671892217951
2025-09-16 16:16:00+00:00,90.4036503463391,86.4335964748755
2025-09-16 16:17:00+00:00,90.73983276038723,84.96169652911836
2025-09-16 16:18:00+00:00,90.46194759800306,87.7109775349822
2025-09-16 16:19:00+00:00,90.54800063781289,87.16845649169485
2025-09-16 16:20:00+00:00,89.63890327023014,85.08085545928446
2025-09-16 16:21:00+00:00,89.36287710277237,84.37628698285396
2025-09-16 16:22:00+00:00,89.72188714806526,86.43811727864485
2025-09-16 16:23:00+00:00,90.48242296972566,87.06563906762213
2025-09-16 16:24:00+00:00,89.84364682218155,84.48343421320114
2025-09-16 16:25:00+00:00,90.82097189157072,85.05015549526303
2025-09-16 16:26:00+00:00,89.35791879036209,86.57979045900339
2025-09-16 16:27:00+00:00,89.982378527493,87.16275057333834
2025-09-16 16:28:00+00:00,90.21736096750057,85.32972395096557
2025-09-16 16:29:00+00:00,90.52928659116385,84.75734407601506
2025-09-16 16:30:00+00:00,89.53029472181244,85.96747173199292
2025-09-16 16:31:00+00:00,90.04045815332934,86.68897284743315
2025-09-16 16:32:00+00:00,90.37470536896566,86.00681321512036
2025-09-16 16:33:00+00:00,89.31947383526622,86.5565880770604
2025-09-16 16:34:00+00:00,89.82735270833828,86.71372941755928
2025-09-16 16:35:00+00:00,89.55174343121526,86.39519184130761
2025-09-16 16:36:00+00:00,89.46736576415752,86.68400341586961
2025-09-16 16:37:00+00:00,90.02212752913587,86.10398637005656
2025-09-16 16:38:00+00:00,90.68899931312231,84.89886824908304
2025-09-16 16:39:00+00:00,90.73189952893281,85.92541137232489
2025-09-16 16:40:00+00:00,90.75079508554829,85.80973526930651
2025-09-16 16:41:00+00:00,90.26855547776992,86.19571103730343
2025-09-16 16:42:00+00:00,90.15506545353017,84.72827530347438
2025-09-16 16:43:00+00:00,89.4266546395652,85.67516126598127
2025-09-16 16:44:00+00:00,90.49786613217142,84.68075892204044
2025-09-16 16:45:00+00:00,89.86841133520706,85.7610136357565
2025-09-16 16:46:00+00:00,90.78446239535626,85.97165955674366
2025-09-16 16:47:00+00:00,90.57478232308556,86.13822918274514
2025-09-16 16:48:00+00:00,90.8730736268688,86.50919895294616
2025-09-16 16:49:00+00:00,89.98727717204004,85.7320377325901
2025-09-16 16:50:00+00:00,89.25581912300564,86.47905726106673
2025-09-16 16:51:00+00:00,90.48912023744964,85.88594585935357
2025-09-16 16:52:00+00:00,89.46107079137214,84.91937054764524
2025-09-16 16:53:00+00:00,90.25712222516286,86.67787956528902
2025-09-16 16:54:00+00:00,89.32485048017737,85.85083645582401
2025-09-16 16:55:00+00:00,90.40162933715722,87.22898166927828
2025-09-16 16:56:00+00:00,89.11129970336859,87.31734544663628
2025-09-16 16:57:00+00:00,89.31924109794625,87.18384038705528
2025-09-16 16:58:00+00:00,90.13089916334037,86.84998501461355
2025-09-16 16:59:00+00:00,89.96111967714504,84.33258320361553
2025-09-16 17:00:00+00:00,90.17137098546041,85.64830262384038
2025-09-16 17:01:00+00:00,90.29196316415502,85.0039274412794
2025-09-16 17:02:00+00:00,90.54634697590717,87.36909179398326
2025-09-16 17:03:00+00:00,89.17897395842468,86.4029866291907
2025-09-16 17:04:00+00:00,89.94415766546189,87.08096225342278
2025-09-16 17:05:00+00:00,90.81023509770654,85.38058988650245
2025-09-16 17:06:00+00:00,90.20977361958624,84.89415926116963
2025-09-16 17:07:00+00:00,89.2122862477141,85.51124981651155
2025-09-16 17:08:00+00:00,89.70782067463234,85.58296862998014
2025-09-16 17:09:00+00:00,90.84244301241213,84.58906729114686
2025-09-16 17:10:00+00:00,89.92391427720744,84.40335397325323
2025-09-16 17:11:00+00:00,90.04802105371445,85.47535598450328
2025-09-16 17:12:00+00:00,89.34608778776179,86.30930458345193
2025-09-16 17:13:00+00:00,89.92276278526438,86.59235808440755
2025-09-16 17:14:00+00:00,89.53358450230314,87.53134598665967
2025-09-16 17:15:00+00:00,90.81481037272141,84.56107035704507
2025-09-16 17:16:00+00:00,89.83489291534414,86.60310610705527
2025-09-16 17:17:00+00:00,89.5461744633841,86.65806964808912
2025-09-16 17:18:00+00:00,89.32028077638203,85.72773453240566
2025-09-16 17:19:00+00:00,90.43573422925135,86.64352057288791
2025-09-16 17:20:00+00:00,89.7324418241513,84.31577171452814
2025-09-16 17:21:00+00:00,90.62303683618899,84.98432152628438
2025-09-16 17:22:00+00:00,90.48331967009311,85.89964728053106
2025-09-16 17:23:00+00:00,90.0334189273643,85.99401509181476
2025-09-16 17:24:00+00:00,90.7245981033378,85.09650016528941
2025-09-16 17:25:00+00:00,89.91145634893189,87.27894992061536
2025-09-16 17:26:00+00:00,89.45789413438108,85.56763848797291
2025-09-16 17:27:00+00:00,89.38091725682467,87.39375895874207
2025-09-16 17:28:00+00:00,89.36778712900148,86.26873545591604
2025-09-16 17:29:00+00:00,90.35255189391685,84.61141723998057
2025-09-16 17:30:00+00:00,89.28461289429453,87.20928242351513
2025-09-16 17:31:00+00:00,89.60449784347648,86.9951134979887
2025-09-16 17:32:00+00:00,90.38169581290863,85.33977251595056
2025-09-16 17:33:00+00:00,90.82229523652848,86.9412972044563
2025-09-16 17:34:00+00:00,89.19124092438813,87.21242845979708
2025-09-16 17:35:00+00:00,89.28906699537515,85.41243720832367
2025-09-16 17:36:00+00:00,90.83354133733566,86.69770099851382
2025-09-16 17:37:00+00:00,89.56341578565704,84.41882484866022
2025-09-16 17:38:00+00:00,89.92061304630641,85.9372631349442
2025-09-16 17:39:00+00:00,90.41577109279191,86.54280803592677
2025-09-16 17:40:00+00:00,90.37738925550822,85.36955314811007
2025-09-16 17:41:00+00:00,89.88783360137492,85.79058286583256
2025-09-16 17:42:00+00:00,90.82451434518109,87.42851240033839
2025-09-16 17:43:00+00:00,89.87235750453874,85.87290377015182
2025-09-16 17:44:00+00:00,90.52455784123863,85.32599954962922
2025-09-16 17:45:00+00:00,89.49534557561734,86.25519997191306
2025-09-16 17:46:00+00:00,90.87338969215384,87.35030627339455
2025-09-16 17:47:00+00:00,90.56380446950007,87.43070480135644
2025-09-16 17:48:00+00:00,89.22692317075929,84.36509359806766
2025-09-16 17:49:00+00:00,90.11461292294798,87.14787521268818
2025-09-16 17:50:00+00:00,89.68067517282877,85.00991518860391
2025-09-16 17:51:00+00:00,90.4340907214819,86.26624384548953
2025-09-16 17:52:00+00:00,89.10046357586221,86.34436374463408
2025-09-16 17:53:00+00:00,89.39579347733611,84.96261762518984
2025-09-16 17:54:00+00:00,90.1229834300467,86.01525570777225
2025-09-16 17:55:00+00:00,89.59566562191013,86.37768943695126
2025-09-16 17:56:00+00:00,89.86942168833961,84.93996052782445
2025-09-16 17:57:00+00:00,89.75138273376868,84.61914807273803
2025-09-16 17:58:00+00:00,89.225279081475,84.81361552289843
2025-09-16 17:59:00+00:00,89.363184409091,86.76959963195242
2025-09-16 18:00:00+00:00,90.0521721045432,87.53418519162115
2025-09-16 18:01:00+00:00,90.0791018816489,85.84393483769945
2025-09-16 18:02:00+00:00,90.40091954433825,85.27386043729503
2025-09-16 18:03:00+00:00,89.30338075645918,87.07047271554704
2025-09-16 18:04:00+00:00,90.03073837007115,85.96813134930859
2025-09-16 18:05:00+00:00,90.10439615248055,85.57255325471607
2025-09-16 18:06:00+00:00,90.32011323832164,86.94653566699745
2025-09-16 18:07:00+00:00,90.47404762582516,86.57311130224514
2025-09-16 18:08:00+00:00,89.50265028524832,85.76971596806693
2025-09-16 18:09:00+00:00,89.11744064691091,86.42975718700185
2025-09-16 18:10:00+00:00,90.44904997662856,87.21205276260264
2025-09-16 18:11:00+00:00,89.9894329693196,84.39863672761797
2025-09-16 18:12:00+00:00,90.08600324503345,86.56560552011581
2025-09-16 18:13:00+00:00,90.88231477865179,87.485740280477
2025-09-16 18:14:00+00:00,89.42572446608537,85.21059563162326
2025-09-16 18:15:00+00:00,89.25789136027913,85.15776533887596
2025-09-16 18:16:00+00:00,89.91365279517105,84.80525024598617
2025-09-16 18:17:00+00:00,90.38344758401652,87.54359847923232
2025-09-16 18:18:00+00:00,90.14385636624868,84.40399640184893
2025-09-16 18:19:00+00:00,90.73272613353186,86.71884013445585
2025-09-16 18:20:00+00:00,89.23327264881968,86.12364290990953
2025-09-16 18:21:00+00:00,89.19122279777844,86.7468004596451
2025-09-16 18:22:00+00:00,89.87879429034247,85.95145224709502
2025-09-16 18:23:00+00:00,90.12873181258854,87.11528136182412
2025-09-16 18:24:00+00:00,90.52317256312266,85.71248471609059
2025-09-16 18:25:00+00:00,90.36677275690325,86.37042554858006
2025-09-16 18:26:00+00:00,89.41957993901565,87.25873429609379
2025-09-16 18:27:00+00:00,89.39713384963703,86.32288127671953
2025-09-16 18:28:00+00:00,89.35843140464819,87.6360330849351
2025-09-16 18:29:00+00:00,90.12083248353457,87.0481599027624
2025-09-16 18:30:00+00:00,90.1728248474588,85.40159682891301
2025-09-16 18:31:00+00:00,90.55004935460231,87.134980386945
2025-09-16 18:32:00+00:00,90.7169908526801,86.92324442747982
2025-09-16 18:33:00+00:00,90.66873373403133,86.40389078769094
2025-09-16 18:34:00+00:00,90.8282061982807,87.24471700885564
2025-09-16 18:35:00+00:00,90.10983562366675,87.54127684629793
2025-09-16 18:36:00+00:00,89.61179734761278,87.57647206950803
2025-09-16 18:37:00+00:00,89.70926200698592,86.41852351673849
2025-09-16 18:38:00+00:00,90.54430151533424,84.82598760758111
2025-09-16 18:39:00+00:00,90.48857761478195,86.61353854878395
2025-09-16 18:40:00+00:00,90.77831841093878,85.4939753021528
2025-09-16 18:41:00+00:00,89.24743943994223,85.5763545513966
2025-09-16 18:42:00+00:00,89.80590522523231,85.04908210407437
2025-09-16 18:43:00+00:00,90.2741453811135,86.35602465609647
2025-09-16 18:44:00+00:00,90.17439938409223,87.60106080496017
2025-09-16 18:45:00+00:00,90.2983651007676,85.36323326609974
2025-09-16 18:46:00+00:00,90.72620142174495,86.9629594135171
2025-09-16 18:47:00+00:00,90.59454659335515,86.19678196448382
2025-09-16 18:48:00+00:00,89.38166261686794,86.0144431614881
2025-09-16 18:49:00+00:00,89.40417388861631,84.75940501291797
2025-09-16 18:50:00+00:00,90.71176370876775,86.73562487112405
2025-09-16 18:51:00+00:00,89.49880935126542,86.92927645115833
2025-09-16 18:52:00+00:00,89.7520524943132,86.65606919874249
2025-09-16 18:53:00+00:00,90.37612931228475,84.8926700904145
2025-09-16 18:54:00+00:00,89.13329353973515,85.10302442779741
2025-09-16 18:55:00+00:00,89.92895865225222,87.70639763383687
2025-09-16 18:56:00+00:00,90.334915859897,84.29954704920462
2025-09-16 18:57:00+00:00,89.81483912742266,84.39215336251765
2025-09-16 18:58:00+00:00,89.65347435478469,85.11586758160001
2025-09-16 18:59:00+00:00,90.65653744897764,84.54889135665746
2025-09-16 19:00:00+00:00,90.11639580619413,86.54557219428683
2025-09-16 19:01:00+00:00,89.12920654819746,86.9106390583139
2025-09-16 19:02:00+00:00,89.89030909174468,87.16676338651324
2025-09-16 19:03:00+00:00,90.89137056268706,84.56547657576827
2025-09-16 19:04:00+00:00,90.42417096686205,87.63464723907825
2025-09-16 19:05:00+00:00,89.16667726719695,87.39361376058578
2025-09-16 19:06:00+00:00,90.69901918671177,87.31190688853383
2025-09-16 19:07:00+00:00,89.26707548103418,84.94223633693193
2025-09-16 19:08:00+00:00,89.53761264588763,87.39990788953124
2025-09-16 19:09:00+00:00,89.85751636879135,86.80363617367873
2025-09-16 19:10:00+00:00,89.17954642460644,85.78943503936337
2025-09-16 19:11:00+00:00,89.82610044869827,86.46197024315724
2025-09-16 19:12:00+00:00,89.45221676698235,84.48795503254249
2025-09-16 19:13:00+00:00,90.62228708419366,87.65145900561363
2025-09-16 19:14:00+00:00,90.52439316106177,85.34044858815788
2025-09-16 19:15:00+00:00,89.28606375267691,87.43596148144883
2025-09-16 19:16:00+00:00,89.18403201325356,85.05863130459834
2025-09-16 19:17:00+00:00,90.27276933708389,84.46187522611498
2025-09-16 19:18:00+00:00,89.95407879117265,86.55793814815982
2025-09-16 19:19:00+00:00,90.56733145692564,87.52488181057082
2025-09-16 19:20:00+00:00,89.93294413535314,87.3367804725527
2025-09-16 19:21:00+00:00,89.55573332985907,85.3275922428643
2025-09-16 19:22:00+00:00,89.53868936983311,85.0558065603706
2025-09-16 19:23:00+00:00,89.84837802066785,87.67566692561851
2025-09-16 19:24:00+00:00,89.64174301478845,85.74942447427763
2025-09-16 19:25:00+00:00,90.82076506620061,87.08094939269242
2025-09-16 19:26:00+00:00,90.17528204098814,84.69835262424536
2025-09-16 19:27:00+00:00,90.853115483588,86.17118161148872
2025-09-16 19:28:00+00:00,90.1648571796013,86.5564247535771
2025-09-16 19:29:00+00:00,90.77773012317238,85.08238567398652
2025-09-16 19:30:00+00:00,89.87287197399989,86.9416000602507
2025-09-16 19:31:00+00:00,89.21936045959404,87.51529500829972
2025-09-16 19:32:00+00:00,89.23365068960635,87.04670215863972
2025-09-16 19:33:00+00:00,90.86640062379718,87.5497860642615
2025-09-16 19:34:00+00:00,89.87518534253667,86.05155482138207
2025-09-16 19:35:00+00:00,90.88488050091468,87.00910404084424
2025-09-16 19:36:00+00:00,90.13599566939943,86.2431956731742
2025-09-16 19:37:00+00:00,89.8033587387818,86.35665848516616
2025-09-16 19:38:00+00:00,90.65811837986399,86.49526644255202
2025-09-16 19:39:00+00:00,89.98268054789243,86.03301286941145
2025-09-16 19:40:00+00:00,89.36532328466062,85.0938571985158
2025-09-16 19:41:00+00:00,89.29294237126105,86.38823122806463
2025-09-16 19:42:00+00:00,90.56741769046204,87.04532078002768
2025-09-16 19:43:00+00:00,90.17999407443484,84.86512809743941
2025-09-16 19:44:00+00:00,90.50926404203939,84.81074163000439
2025-09-16 19:45:00+00:00,90.69620482438714,85.13175414125375
2025-09-16 19:46:00+00:00,89.80575307722845,87.05500162297602
2025-09-16 19:47:00+00:00,89.6487657893337,85.96200663354108
2025-09-16 19:48:00+00:00,90.18444348397912,86.32426324236788
2025-09-16 19:49:00+00:00,89.94579965549372,85.08452983464264
2025-09-16 19:50:00+00:00,90.3509273098634,87.24916054980937
2025-09-16 19:51:00+00:00,89.45410026090163,85.1490172881174
2025-09-16 19:52:00+00:00,90.74908466026669,86.41832033926156
2025-09-16 19:53:00+00:00,89.87229794773124,87.6785780342642
2025-09-16 19:54:00+00:00,89.67466532269368,85.98740987372602
2025-09-16 19:55:00+00:00,89.65707577472644,86.42510984536334
2025-09-16 19:56:00+00:00,90.62646914151938,85.27525097098196
2025-09-16 19:57:00+00:00,90.09170576439475,86.57054654531714
2025-09-16 19:58:00+00:00,89.29820170731948,85.81439270844267
2025-09-16 19:59:00+00:00,89.78767228435657,87.56819363153924
2025-09-16 20:00:00+00:00,89.50573697371938,86.81016518937605
2025-09-16 20:01:00+00:00,89.85989148650198,86.25614047561942
2025-09-16 20:02:00+00:00,89.87535237174609,84.46660137253262
2025-09-16 20:03:00+00:00,89.20216161708849,86.6462742386439
2025-09-16 20:04:00+00:00,90.26654699135833,85.07119884711115
2025-09-16 20:05:00+00:00,89.43003193086938,86.65477064076991
2025-09-16 20:06:00+00:00,90.73380166172728,86.04326752395446
2025-09-16 20:07:00+00:00,89.37119832071325,85.16292709644702
2025-09-16 20:08:00+00:00,90.09901514899549,86.0153146007052
2025-09-16 20:09:00+00:00,89.68119638427964,84.75652026807283
2025-09-16 20:10:00+00:00,89.40030603280584,86.84776678260421
2025-09-16 20:11:00+00:00,90.85146415355138,84.64705656577337
2025-09-16 20:12:00+00:00,90.11794014551776,85.46459234844559
2025-09-16 20:13:00+00:00,90.08669933507514,87.3185868498537
2025-09-16 20:14:00+00:00,89.96117852701248,86.31623225078975
2025-09-16 20:15:00+00:00,90.18323453282217,87.41778605988983
2025-09-16 20:16:00+00:00,90.61883871585252,84.31367709165207
2025-09-16 20:17:00+00:00,89.46098024639235,85.01573627065498
2025-09-16 20:18:00+00:00,89.4351666682953,86.50340222278828
2025-09-16 20:19:00+00:00,89.92714913610045,85.78849040667076
2025-09-16 20:20:00+00:00,89.65548989007844,86.63695143456118
2025-09-16 20:21:00+00:00,89.24471648270679,85.65958317575871
2025-09-16 20:22:00+00:00,89.96011884612658,86.17241862753961
2025-09-16 20:23:00+00:00,90.62865396187986,86.92900086056274
2025-09-16 20:24:00+00:00,89.6925055461297,87.70555894950009
2025-09-16 20:25:00+00:00,89.12214759919074,87.3589242845641
2025-09-16 20:26:00+00:00,90.09357582483652,84.89483441625906
2025-09-16 20:27:00+00:00,90.86987884908872,87.33593816675197
2025-09-16 20:28:00+00:00,89.47418240149625,87.36364538596433
2025-09-16 20:29:00+00:00,89.36550210304436,86.81942778462845
2025-09-16 20:30:00+00:00,90.72231815571625,87.6880580479174
2025-09-16 20:31:00+00:00,89.32497111793249,86.93396112661706
2025-09-16 20:32:00+00:00,89.74627287092487,87.54779373102512
2025-09-16 20:33:00+00:00,90.42212323826784,85.46452935658496
2025-09-16 20:34:00+00:00,89.92719618656245,87.23057850594071
2025-09-16 20:35:00+00:00,90.64982820963007,86.40709524396281
2025-09-16 20:36:00+00:00,90.02078165264105,86.07823563881409
2025-09-16 20:37:00+00:00,90.36930768598053,87.67421152664889
2025-09-16 20:38:00+00:00,89.96298192401575,87.2090473879563
2025-09-16 20:39:00+00:00,90.19190555623993,84.80854125084528
2025-09-16 20:40:00+00:00,90.18054603247684,85.52858244991421
2025-09-16 20:41:00+00:00,90.15321566326061,84.78413024354134
2025-09-16 20:42:00+00:00,90.21873291156103,85.4559762980044
2025-09-16 20:43:00+00:00,89.31896759496293,84.36409139545341
2025-09-16 20:44:00+00:00,90.43200233191467,86.00652420118878
2025-09-16 20:45:00+00:00,89.35554875628169,87.1785281609651
2025-09-16 20:46:00+00:00,90.23444123928347,86.55800809368112
2025-09-16 20:47:00+00:00,90.77342765465909,86.02509024757968
2025-09-16 20:48:00+00:00,89.48373480496501,87.6896766598608
2025-09-16 20:49:00+00:00,89.57898222800772,87.30646088368424
2025-09-16 20:50:00+00:00,89.68708977286921,84.80579953032183
2025-09-16 20:51:00+00:00,89.81961217913883,86.96783329405653
2025-09-16 20:52:00+00:00,89.33525813815584,85.78068325173064
2025-09-16 20:53:00+00:00,90.4990414365524,84.69887214006434
2025-09-16 20:54:00+00:00,89.86417132378011,84.92370261176762
2025-09-16 20:55:00+00:00,90.38311903959149,85.99264166622243
2025-09-16 20:56:00+00:00,89.19827168601742,84.79920862769065
2025-09-16 20:57:00+00:00,90.83698613660836,86.26388120486268
2025-09-16 20:58:00+00:00,90.07055379225974,85.3307717679357
2025-09-16 20:59:00+00:00,90.3243659587919,85.51566325755427
2025-09-16 21:00:00+00:00,89.80351800420775,86.32131686627102
2025-09-16 21:01:00+00:00,90.09848642833006,84.55240845224243
2025-09-16 21:02:00+00:00,90.04113601842928,86.7083493180777
2025-09-16 21:03:00+00:00,89.29061330475699,85.67368322276866
2025-09-16 21:04:00+00:00,89.69215270848552,84.93327913338186
2025-09-16 21:05:00+00:00,89.46341640375763,84.95054611436666
2025-09-16 21:06:00+00:00,89.13434519081676,86.89926899901471
2025-09-16 21:07:00+00:00,89.91048809784401,85.04795283047629
2025-09-16 21:08:00+00:00,90.02242541817498,84.80835944073135
2025-09-16 21:09:00+00:00,90.01893016518156,87.00984095570321
2025-09-16 21:10:00+00:00,89.51582781868262,84.81763678895817
2025-09-16 21:11:00+00:00,89.73236539788921,86.4776805672401
2025-09-16 21:12:00+00:00,90.84344609989135,87.4740392497581
2025-09-16 21:13:00+00:00,90.27717141714824,87.5732991076373
2025-09-16 21:14:00+00:00,89.9663976602929,84.81321059204735
2025-09-16 21:15:00+00:00,90.10869902860499,86.86096243740168
2025-09-16 21:16:00+00:00,90.4671712161876,84.6751619306085
2025-09-16 21:17:00+00:00,89.29472224032429,84.65229240919557
2025-09-16 21:18:00+00:00,90.07475115385532,84.55854857179159
2025-09-16 21:19:00+00:00,90.23951798326553,87.19528810145742
2025-09-16 21:20:00+00:00,89.52549987419508,86.90648289980427
2025-09-16 21:21:00+00:00,89.51943256620793,85.4910321381367
2025-09-16 21:22:00+00:00,89.70939177917356,87.52493682967766
2025-09-16 21:23:00+00:00,89.54667594966784,85.6470042939636
2025-09-16 21:24:00+00:00,89.92102164246512,84.7616699824571
2025-09-16 21:25:00+00:00,90.03328011240492,84.80013467942533
2025-09-16 21:26:00+00:00,89.20707674858447,84.8615208180914
2025-09-16 21:27:00+00:00,89.52057425251687,86.74406722574652
2025-09-16 21:28:00+00:00,90.69385872223016,87.55537820027915
2025-09-16 21:29:00+00:00,89.48659932771871,84.82429017085929
2025-09-16 21:30:00+00:00,89.85349825568333,86.50296610381494
2025-09-16 21:31:00+00:00,89.66688612054652,86.07194736660612
2025-09-16 21:32:00+00:00,90.79251659249955,84.80943274132758
2025-09-16 21:33:00+00:00,89.11981341180119,85.57411915864425
2025-09-16 21:34:00+00:00,90.49598603960223,87.1829802786507
2025-09-16 21:35:00+00:00,90.79938916769811,87.21503844960336
2025-09-16 21:36:00+00:00,89.92644090886283,84.35475628883044
2025-09-16 21:37:00+00:00,89.61351253805886,85.90517728429992
2025-09-16 21:38:00+00:00,90.55467529670399,86.1444585014506
2025-09-16 21:39:00+00:00,90.13836734839161,86.20794798672287
2025-09-16 21:40:00+00:00,90.53152645940646,87.6753948026394
2025-09-16 21:41:00+00:00,90.69255132526408,86.22061662244552
2025-09-16 21:42:00+00:00,90.65284417849873,87.49887171969732
2025-09-16 21:43:00+00:00,90.14123313912543,85.27603069901721
2025-09-16 21:44:00+00:00,90.0821763284276,85.6423345356472
2025-09-16 21:45:00+00:00,89.92964881338821,85.13383973369847
2025-09-16 21:46:00+00:00,89.45539568667515,85.9931448319083
2025-09-16 21:47:00+00:00,90.6720770450711,87.29458600965731
2025-09-16 21:48:00+00:00,90.38765877239693,87.59648896834952
2025-09-16 21:49:00+00:00,89.8062329061244,85.3145338183607
2025-09-16 21:50:00+00:00,89.99144930699201,85.24713070515581
2025-09-16 21:51:00+00:00,89.88636574762536,85.63843263276897
2025-09-16 21:52:00+00:00,90.34779797184795,86.84228342814625
2025-09-16 21:53:00+00:00,90.5674755358043,86.74703611614129
2025-09-16 21:54:00+00:00,89.75672867974006,87.15114574338801
2025-09-16 21:55:00+00:00,89.54915668233512,87.55068572991459
2025-09-16 21:56:00+00:00,90.32423510639426,86.42412616158369
2025-09-16 21:57:00+00:00,90.84296955247592,84.31492992722943
2025-09-16 21:58:00+00:00,89.53982091412033,84.72270065051673
2025-09-16 21:59:00+00:00,89.78186682174054,86.86509509553225
2025-09-16 22:00:00+00:00,89.7671217535481,86.54648710240755
2025-09-16 22:01:00+00:00,89.49088259698354,86.20606805027504
2025-09-16 22:02:00+00:00,90.7627482480725,84.40688619123979
2025-09-16 22:03:00+00:00,89.3337527856487,86.3374360312188
2025-09-16 22:04:00+00:00,89.21210277045203,86.91136498674615
2025-09-16 22:05:00+00:00,89.40550264648307,85.64304497579421
2025-09-16 22:06:00+00:00,89.74843845325304,86.76456902943701
2025-09-16 22:07:00+00:00,89.46740237780014,87.52090574249556
2025-09-16 22:08:00+00:00,89.92440965138586,86.96121774866768
2025-09-16 22:09:00+00:00,89.67346759060149,84.36705975873417
2025-09-16 22:10:00+00:00,89.28320938153308,84.58197169575381
2025-09-16 22:11:00+00:00,89.9649285126284,84.99519215938402
2025-09-16 22:12:00+00:00,89.89322788485552,86.98328001351898
2025-09-16 22:13:00+00:00,90.63477034720047,86.05490171396649
2025-09-16 22:14:00+00:00,89.67043169794269,84.29622036237276
2025-09-16 22:15:00+00:00,89.13624521895424,87.18361411254739
2025-09-16 22:16:00+00:00,89.97353470758546,85.2278293169728
2025-09-16 22:17:00+00:00,90.05480881425133,86.2638269114988
2025-09-16 22:18:00+00:00,90.69168613456176,87.00822250784495
2025-09-16 22:19:00+00:00,90.78465716342333,86.75016303699637
2025-09-16 22:20:00+00:00,90.48339772313984,86.53951914656302
2025-09-16 22:21:00+00:00,90.23083567475302,85.61895689619674
2025-09-16 22:22:00+00:00,89.1040159369889,84.60054087536012
2025-09-16 22:23:00+00:00,90.2574269115087,85.27973705768306
2025-09-16 22:24:00+00:00,90.12611194208672,85.12537975520549
2025-09-16 22:25:00+00:00,90.27551323790664,84.75653695789305
2025-09-16 22:26:00+00:00,90.53469036067952,87.21663333409856
2025-09-16 22:27:00+00:00,90.53477798540693,86.60463664691942
2025-09-16 22:28:00+00:00,89.31714267133991,84.69929279796341
2025-09-16 22:29:00+00:00,89.46344647090434,86.17269010047298
2025-09-16 22:30:00+00:00,90.67567329632288,85.57758254374887
2025-09-16 22:31:00+00:00,89.61802005830688,86.54941446131694
2025-09-16 22:32:00+00:00,90.61915294204071,87.3149153992109
2025-09-16 22:33:00+00:00,89.95218844086591,85.03281126162265
2025-09-16 22:34:00+00:00,89.37700796624867,86.94526488528723
2025-09-16 22:35:00+00:00,90.65312654696191,85.57776413561722
2025-09-16 22:36:00+00:00,89.10392774795584,84.58136738407316
2025-09-16 22:37:00+00:00,89.7020707340253,85.21220603189798
2025-09-16 22:38:00+00:00,89.63633640205796,86.04174804378253
2025-09-16 22:39:00+00:00,90.60845443079887,86.38536538428582
2025-09-16 22:40:00+00:00,90.81628422281801,86.79642315393883
2025-09-16 22:41:00+00:00,89.20572139097284,86.59837747849929
2025-09-16 22:42:00+00:00,90.57442549412568,84.76965828603605
2025-09-16 22:43:00+00:00,90.06024396761944,87.10715745793382
2025-09-16 22:44:00+00:00,90.40574242334873,86.5830494083163
2025-09-16 22:45:00+00:00,89.63250009694332,86.68681331205738
2025-09-16 22:46:00+00:00,89.33066262709832,86.34523388898802
2025-09-16 22:47:00+00:00,90.3712456868225,87.28832437850855
2025-09-16 22:48:00+00:00,90.82954957538723,87.48358077256783
2025-09-16 22:49:00+00:00,89.67066919643155,85.25942480948007
2025-09-16 22:50:00+00:00,89.8423687328349,85.00934692271159
2025-09-16 22:51:00+00:00,89.12658778585765,86.96382648414226
2025-09-16 22:52:00+00:00,89.6885077914073,84.71834157685123
2025-09-16 22:53:00+00:00,89.73469477732964,84.67744761961895
2025-09-16 22:54:00+00:00,90.24732274562275,87.25882719415497
2025-09-16 22:55:00+00:00,89.70051388706071,85.66038998348397
2025-09-16 22:56:00+00:00,89.8658787756895,87.37640709190481
2025-09-16 22:57:00+00:00,90.45108884908994,85.97263595517917
2025-09-16 22:58:00+00:00,90.2119995245849,86.71923654635478
2025-09-16 22:59:00+00:00,89.61459886757781,87.4179077954425
2025-09-16 23:00:00+00:00,89.14499171026267,86.89199446123568
2025-09-16 23:01:00+00:00,89.52174486280937,84.79471417020864
2025-09-16 23:02:00+00:00,90.32917654715447,87.60669577391027
2025-09-16 23:03:00+00:00,89.59109660811919,86.17405643579126
2025-09-16 23:04:00+00:00,89.88793995049885,84.63791459521622
2025-09-16 23:05:00+00:00,90.29378444245407,86.89587016747234
2025-09-16 23:06:00+00:00,90.37082494800485,84.9500211095319
2025-09-16 23:07:00+00:00,90.35546427949245,86.84299839461846
2025-09-16 23:08:00+00:00,89.20301830444221,85.99128400122413
2025-09-16 23:09:00+00:00,90.54468571868392,85.43360435659575
2025-09-16 23:10:00+00:00,90.27914926831494,84.49027446282501
2025-09-16 23:11:00+00:00,89.95634013160969,87.0298210717146
2025-09-16 23:12:00+00:00,89.6017223733089,86.8888201932228
2025-09-16 23:13:00+00:00,90.1557362581431,85.01214759828332
2025-09-16 23:14:00+00:00,90.51233174807663,85.82229693069654
2025-09-16 23:15:00+00:00,89.29341240960673,87.38677748250689
2025-09-16 23:16:00+00:00,89.48532813036555,87.15635343853133
2025-09-16 23:17:00+00:00,89.34954829925896,87.11233498614585
2025-09-16 23:18:00+00:00,89.69659540230033,85.84661427554984
2025-09-16 23:19:00+00:00,90.88368683344763,87.3213487086942
2025-09-16 23:20:00+00:00,90.0742361557514,86.85470508070182
2025-09-16 23:21:00+00:00,89.69588914948619,87.70537999578927
2025-09-16 23:22:00+00:00,90.09989457392253,84.92523359235592
2025-09-16 23:23:00+00:00,89.2687800723957,86.03457436701021
2025-09-16 23:24:00+00:00,90.51023058848003,86.53172166635353
2025-09-16 23:25:00+00:00,90.12479571325736,87.33239086329763
2025-09-16 23:26:00+00:00,90.80014460564078,86.2347906073808
2025-09-16 23:27:00+00:00,89.82198598335337,85.26874576689136
2025-09-16 23:28:00+00:00,90.87380665091217,85.38314420808874
2025-09-16 23:29:00+00:00,89.69446848749362,87.3975722767637
2025-09-16 23:30:00+00:00,90.8369912987261,86.13648836631504
2025-09-16 23:31:00+00:00,90.78546456402134,85.23506998447854
2025-09-16 23:32:00+00:00,90.6964903655183,85.89204030893586
2025-09-16 23:33:00+00:00,89.96585522168103,86.13831215705635
2025-09-16 23:34:00+00:00,90.31404224847729,84.41315049600549
2025-09-16 23:35:00+00:00,89.92121026825446,84.30005641098728
2025-09-16 23:36:00+00:00,89.36359864324112,87.50662978135013
2025-09-16 23:37:00+00:00,90.48626263794914,87.62287622608747
2025-09-16 23:38:00+00:00,90.52457906902842,84.61729236130282
2025-09-16 23:39:00+00:00,90.79799189135225,85.1783123112763
2025-09-16 23:40:00+00:00,89.13513678592929,86.76480506957024
2025-09-16 23:41:00+00:00,90.8439801139665,85.73503519680688
2025-09-16 23:42:00+00:00,90.41728210195197,84.4798544887537
2025-09-16 23:43:00+00:00,89.25552633476033,85.95685395022457
2025-09-16 23:44:00+00:00,90.52349057915293,84.33843439271934
2025-09-16 23:45:00+00:00,90.51793422032785,85.70481119451816
2025-09-16 23:46:00+00:00,89.18912664653064,84.51065004385359
2025-09-16 23:47:00+00:00,90.81028659892829,84.65885437110734
2025-09-16 23:48:00+00:00,89.14927550683734,86.81576014496649
2025-09-16 23:49:00+00:00,90.1798064075899,87.60986134961037
2025-09-16 23:50:00+00:00,89.7708094145822,84.9966412676149
2025-09-16 23:51:00+00:00,90.58292583614762,84.66389104240797
2025-09-16 23:52:00+00:00,90.70814017089367,85.0861657587033
2025-09-16 23:53:00+00:00,90.18344555781846,85.76533097536363
2025-09-16 23:54:00+00:00,90.69313710100353,85.53953534463942
2025-09-16 23:55:00+00:00,90.07452240460556,85.45609402497405
2025-09-16 23:56:00+00:00,89.36941101726455,86.60588363587979
2025-09-16 23:57:00+00:00,89.45668396377647,85.64873865992644
2025-09-16 23:58:00+00:00,89.68493139478271,86.73403031358578
2025-09-16 23:59:00+00:00,90.0379564860543,87.53610561057923
2025-09-17 00:00:00+00:00,89.67836162527394,85.05425665132984
2025-09-17 00:01:00+00:00,90.37974339117596,86.76963667738445
2025-09-17 00:02:00+00:00,89.39714080995127,86.64748032215755
2025-09-17 00:03:00+00:00,89.77124695892502,86.45107636190185
2025-09-17 00:04:00+00:00,89.25278359166937,87.18035935248626
2025-09-17 00:05:00+00:00,89.9829887686713,85.61496319030567
2025-09-17 00:06:00+00:00,89.87092008171568,85.3198873096306
2025-09-17 00:07:00+00:00,90.52525514394836,85.44039550205069
2025-09-17 00:08:00+00:00,90.17235190414354,85.45272917543639
2025-09-17 00:09:00+00:00,90.37063214166692,87.06943355724168
2025-09-17 00:10:00+00:00,90.5443786964977,85.834879946855
2025-09-17 00:11:00+00:00,89.64717725541304,86.99927550839074
2025-09-17 00:12:00+00:00,89.23386313485514,86.05921715936867
2025-09-17 00:13:00+00:00,89.68394620157258,86.23069166951932
2025-09-17 00:14:00+00:00,90.71120842003508,84.81836713142657
2025-09-17 00:15:00+00:00,90.10432822646177,87.3422038850167
2025-09-17 00:16:00+00:00,90.36521052142228,84.56203852889689
2025-09-17 00:17:00+00:00,90.60244348805271,86.9793035094804
2025-09-17 00:18:00+00:00,89.678152814104,86.14165047472082
2025-09-17 00:19:00+00:00,89.4029833252039,87.4313193926327
2025-09-17 00:20:00+00:00,89.85327181409816,87.4892044152086
2025-09-17 00:21:00+00:00,89.46638573038463,87.4418644245674
2025-09-17 00:22:00+00:00,89.98323182997777,85.25695275989166
2025-09-17 00:23:00+00:00,90.55148320405023,86.76792232554952
2025-09-17 00:24:00+00:00,89.93261028074451,87.44016010287568
2025-09-17 00:25:00+00:00,89.8704704857725,86.53521342806242
2025-09-17 00:26:00+00:00,89.17357549405791,84.4938879180546
2025-09-17 00:27:00+00:00,90.63511877402505,85.25736396937317
2025-09-17 00:28:00+00:00,90.32446159999843,85.01013159074994
2025-09-17 00:29:00+00:00,89.23422751503081,85.47324967602249
2025-09-17 00:30:00+00:00,90.87340889852474,86.95866602776795
2025-09-17 00:31:00+00:00,90.66526044862181,86.67885545630327
2025-09-17 00:32:00+00:00,89.53024063502306,86.30849811991409
2025-09-17 00:33:00+00:00,89.53309264224994,84.83971267013148
2025-09-17 00:34:00+00:00,90.19522120005243,86.92859402858383
2025-09-17 00:35:00+00:00,89.95628059223321,87.047909389786
2025-09-17 00:36:00+00:00,89.37084497547644,86.82967166928124
2025-09-17 00:37:00+00:00,90.33043356919806,86.48292470006614
2025-09-17 00:38:00+00:00,90.67897723653665,85.75245689692433
2025-09-17 00:39:00+00:00,89.44700763858282,85.90930939736279
2025-09-17 00:40:00+00:00,90.36835842322793,87.67149261491384
2025-09-17 00:41:00+00:00,89.86407904046865,86.7924747460713
2025-09-17 00:42:00+00:00,90.81940970645401,86.17327904959232
2025-09-17 00:43:00+00:00,90.53221899962602,84.95488891603902
2025-09-17 00:44:00+00:00,89.90830086273854,85.4154687836448
2025-09-17 00:45:00+00:00,90.39887602359774,85.87102810075379
2025-09-17 00:46:00+00:00,90.10825740118497,85.50622794397052
2025-09-17 00:47:00+00:00,89.50140999859005,87.51496689895122
2025-09-17 00:48:00+00:00,89.99691181712103,87.62692589490844
2025-09-17 00:49:00+00:00,90.6784336011914,85.17251845487678
2025-09-17 00:50:00+00:00,89.20768676934334,87.28043806030104
2025-09-17 00:51:00+00:00,90.60989293495167,87.62669870031391
2025-09-17 00:52:00+00:00,89.3025100362139,84.30716412080315
2025-09-17 00:53:00+00:00,90.85749792204038,86.8521412456664
2025-09-17 00:54:00+00:00,90.72833886178265,86.11048693081173
2025-09-17 00:55:00+00:00,90.24848736111737,85.38597527690244
2025-09-17 00:56:00+00:00,90.46922175712929,87.32953964584566
2025-09-17 00:57:00+00:00,90.72716308142431,86.29188593084552
2025-09-17 00:58:00+00:00,89.89856110011625,84.96009240102237
2025-09-17 00:59:00+00:00,90.29877182985396,87.65564767798828
2025-09-17 01:00:00+00:00,90.61867081014348,85.64560982415945
2025-09-17 01:01:00+00:00,89.97092355035542,87.14854967588177
2025-09-17 01:02:00+00:00,89.80541489556771,85.00399375552425
2025-09-17 01:03:00+00:00,89.20965568339038,86.17844849047694
2025-09-17 01:04:00+00:00,89.79322572727988,87.35557965365584
2025-09-17 01:05:00+00:00,89.55551980783478,85.72670525492066
2025-09-17 01:06:00+00:00,90.80897328323398,87.29838784653192
2025-09-17 01:07:00+00:00,89.34294713867601,86.681085590191
2025-09-17 01:08:00+00:00,90.2132376071685,85.27660131427427
2025-09-17 01:09:00+00:00,90.66676030811453,86.89685224086433
2025-09-17 01:10:00+00:00,89.61366740358964,87.00107929614668
2025-09-17 01:11:00+00:00,90.30652148956594,85.26671565926148
2025-09-17 01:12:00+00:00,90.69079937378801,87.50727415785897
2025-09-17 01:13:00+00:00,89.46845340545926,87.30407077210228
2025-09-17 01:14:00+00:00,89.84505358660567,87.65506502872468
2025-09-17 01:15:00+00:00,90.59058573898744,85.91647671162237
2025-09-17 01:16:00+00:00,90.04776026402179,85.25913680855011
2025-09-17 01:17:00+00:00,89.17548841064249,86.01046945414615
2025-09-17 01:18:00+00:00,89.8423446888731,84.4984594453093
2025-09-17 01:19:00+00:00,90.33558108253803,84.48906346892849
2025-09-17 01:20:00+00:00,89.72249165376307,84.60106053445293
2025-09-17 01:21:00+00:00,89.63796189411114,86.77801415817002
2025-09-17 01:22:00+00:00,90.51726208488348,85.97909970200296
2025-09-17 01:23:00+00:00,90.19466907356275,87.37815301274537
2025-09-17 01:24:00+00:00,90.83272378600253,87.69914882549311
2025-09-17 01:25:00+00:00,90.02872213531688,86.27490968831064
2025-09-17 01:26:00+00:00,90.38429984687808,84.66723627505054
2025-09-17 01:27:00+00:00,89.50379013596816,84.77666793778128
2025-09-17 01:28:00+00:00,90.01592865025857,86.39980737151058
2025-09-17 01:29:00+00:00,90.38701344592947,86.94334431774456
2025-09-17 01:30:00+00:00,89.69470477632446,84.8815642007903
2025-09-17 01:31:00+00:00,90.29598260768154,87.52999254110321
2025-09-17 01:32:00+00:00,89.28103889224532,84.72600178814187
2025-09-17 01:33:00+00:00,89.66647493513454,84.71402277560364
2025-09-17 01:34:00+00:00,89.59311079632789,86.63888918172734
2025-09-17 01:35:00+00:00,89.61933572247197,84.94308108193961
2025-09-17 01:36:00+00:00,89.44943075980215,85.39317778097222
2025-09-17 01:37:00+00:00,90.14545001449008,86.65699824078756
2025-09-17 01:38:00+00:00,89.23084250121958,87.49823207739047
2025-09-17 01:39:00+00:00,89.79848269513802,84.72915473845316
2025-09-17 01:40:00+00:00,90.57114994093375,86.85648939139794
2025-09-17 01:41:00+00:00,89.5039917988095,85.67133837847017
2025-09-17 01:42:00+00:00,89.56680145872296,86.13852063397228
2025-09-17 01:43:00+00:00,90.02984394156027,86.52894488078552
2025-09-17 01:44:00+00:00,89.67587345719132,84.2828026920419
2025-09-17 01:45:00+00:00,90.7843041591765,86.63047375756516
2025-09-17 01:46:00+00:00,89.24382566686111,86.30784861496282
2025-09-17 01:47:00+00:00,89.75417939591712,87.42871723421332
2025-09-17 01:48:00+00:00,89.50068934214556,84.51768173053804
2025-09-17 01:49:00+00:00,90.72081252521025,84.57717195680635
2025-09-17 01:50:00+00:00,89.56900386380934,84.94494635416103
2025-09-17 01:51:00+00:00,89.82371191965586,86.17295788951535
2025-09-17 01:52:00+00:00,90.67435164425143,87.37427382810544
2025-09-17 01:53:00+00:00,89.4977399724749,87.0315796535594
2025-09-17 01:54:00+00:00,89.43029933810618,84.2833118065997
2025-09-17 01:55:00+00:00,90.56950106693517,87.71039192970453
2025-09-17 01:56:00+00:00,90.6078004823561,85.14336627134057
2025-09-17 01:57:00+00:00,90.38431217398266,84.52512883889173
2025-09-17 01:58:00+00:00,89.25900086691283,86.41362388847917
2025-09-17 01:59:00+00:00,90.85079607319634,86.27165227479621
2025-09-17 02:00:00+00:00,89.99040776443404,86.1557855184751
2025-09-17 02:01:00+00:00,90.53031438609796,87.07259928820095
2025-09-17 02:02:00+00:00,90.5248294266981,87.17124270877646
2025-09-17 02:03:00+00:00,89.92788600310857,86.84411531172537
2025-09-17 02:04:00+00:00,90.35711798165579,85.72241101662914
2025-09-17 02:05:00+00:00,90.08688045628509,86.5110502515331
2025-09-17 02:06:00+00:00,89.35435828919117,87.216769842952
2025-09-17 02:07:00+00:00,89.5411100530446,87.29932102412533
2025-09-17 02:08:00+00:00,90.6479508492374,86.41162305385882
2025-09-17 02:09:00+00:00,89.1685698639872,85.76195716087307
2025-09-17 02:10:00+00:00,90.1369853936222,87.05181053880106
2025-09-17 02:11:00+00:00,89.85952103599969,84.34321024424894
2025-09-17 02:12:00+00:00,89.93751973427422,86.41583317067067
2025-09-17 02:13:00+00:00,90.45291542509487,84.97330235445101
2025-09-17 02:14:00+00:00,89.83669271624753,86.61965332953307
2025-09-17 02:15:00+00:00,89.116818724161,85.30985958670229
2025-09-17 02:16:00+00:00,90.48274714707563,84.73954075305397
2025-09-17 02:17:00+00:00,89.19964509811192,85.19450948753902
2025-09-17 02:18:00+00:00,89.46816816321115,84.6012651969766
2025-09-17 02:19:00+00:00,89.11273540988034,84.96623033091268
2025-09-17 02:20:00+00:00,90.29591111045272,87.33058713437933
2025-09-17 02:21:00+00:00,89.64505797602808,85.44078669942704
2025-09-17 02:22:00+00:00,90.09027727508742,85.89886208281777
2025-09-17 02:23:00+00:00,90.10789243537398,84.95576750885735
2025-09-17 02:24:00+00:00,90.34854547695828,85.43654340169724
2025-09-17 02:25:00+00:00,90.81896782286056,87.04585136321508
2025-09-17 02:26:00+00:00,89.96858179918723,87.2718870894454
2025-09-17 02:27:00+00:00,90.25844257515763,86.61614801252549
2025-09-17 02:28:00+00:00,90.1335136345668,84.3660548294186
2025-09-17 02:29:00+00:00,90.59057412348804,85.1594760111268
2025-09-17 02:30:00+00:00,89.60341024181197,85.75330989732903
2025-09-17 02:31:00+00:00,90.10198681262827,84.3513569084261
2025-09-17 02:32:00+00:00,89.3605167809953,84.61621197162111
2025-09-17 02:33:00+00:00,89.47417748328068,86.49784890202234
2025-09-17 02:34:00+00:00,89.54102476652217,85.97486422854648
2025-09-17 02:35:00+00:00,89.3595203300402,87.03164760260842
2025-09-17 02:36:00+00:00,90.2530022399118,85.94591805234711
2025-09-17 02:37:00+00:00,90.71196562662854,85.24283790311989
2025-09-17 02:38:00+00:00,89.7868652525534,86.36785036258934
2025-09-17 02:39:00+00:00,89.58716944390119,86.56624392763817
2025-09-17 02:40:00+00:00,90.44232147668718,84.62383637670177
2025-09-17 02:41:00+00:00,89.97316672575725,85.06528335234607
2025-09-17 02:42:00+00:00,89.42701993779048,87.46920391940606
2025-09-17 02:43:00+00:00,90.71719887609719,85.54370706426127
2025-09-17 02:44:00+00:00,89.20579552281089,87.18163362214253
2025-09-17 02:45:00+00:00,90.25391400249974,85.71266061063496
2025-09-17 02:46:00+00:00,89.11612232932161,85.83564980547885
2025-09-17 02:47:00+00:00,89.81843914774402,85.48167243145197
2025-09-17 02:48:00+00:00,90.20739263790739,87.13030702337136
2025-09-17 02:49:00+00:00,89.73250025003483,87.26367369569772
2025-09-17 02:50:00+00:00,90.75445894385076,85.00279357292503
2025-09-17 02:51:00+00:00,89.10191879148951,85.92726213012898
2025-09-17 02:52:00+00:00,89.94996542962876,85.11270157267198
2025-09-17 02:53:00+00:00,89.45888232080408,86.11089957473088
2025-09-17 02:54:00+00:00,90.56040032513184,87.35140972912578
2025-09-17 02:55:00+00:00,90.56235504213235,86.26708151817732
2025-09-17 02:56:00+00:00,90.21356562867257,84.75013612840912
2025-09-17 02:57:00+00:00,89.99506361166738,86.65578568034189
2025-09-17 02:58:00+00:00,89.94995496654107,85.40600553155072
2025-09-17 02:59:00+00:00,89.94747650419626,86.72779169330327
2025-09-17 03:00:00+00:00,89.36084812851824,85.16817081599187
2025-09-17 03:01:00+00:00,89.78623260495938,84.49767189570116
2025-09-17 03:02:00+00:00,90.17261540861901,84.85674706331368
2025-09-17 03:03:00+00:00,89.44111179649634,87.22473710054146
2025-09-17 03:04:00+00:00,90.05170648766503,86.09385350309702
2025-09-17 03:05:00+00:00,90.78391234134187,84.69783191629368
2025-09-17 03:06:00+00:00,89.30213080293017,85.40056802569086
2025-09-17 03:07:00+00:00,90.68077034595878,85.15547243789464
2025-09-17 03:08:00+00:00,90.68385101692553,86.81708698875913
2025-09-17 03:09:00+00:00,89.66099810184124,84.83547574292953
2025-09-17 03:10:00+00:00,90.7865788557564,84.37254136272512
2025-09-17 03:11:00+00:00,90.68477510099699,86.49330936314136
2025-09-17 03:12:00+00:00,90.6136413624764,86.57990197955051
2025-09-17 03:13:00+00:00,89.63434674598756,86.18695403446158
2025-09-17 03:14:00+00:00,90.48032626937116,85.57500210903095
2025-09-17 03:15:00+00:00,90.49867014961026,86.55972907119389
2025-09-17 03:16:00+00:00,89.8062564408169,85.78048454797012
2025-09-17 03:17:00+00:00,90.37441423195129,87.41715121375299
2025-09-17 03:18:00+00:00,90.85156495229589,84.96129814648845
2025-09-17 03:19:00+00:00,89.9168091452609,85.21320906550827
2025-09-17 03:20:00+00:00,89.77205599633211,84.91627259384707
2025-09-17 03:21:00+00:00,89.56123287552418,84.47939899725988
2025-09-17 03:22:00+00:00,89.62888876574193,87.30422224320445
2025-09-17 03:23:00+00:00,90.61054876816844,86.04229019884508
2025-09-17 03:24:00+00:00,89.89199606739031,87.0393570129603
2025-09-17 03:25:00+00:00,89.47680030099067,86.49878290655384
2025-09-17 03:26:00+00:00,89.96972106065628,84.57183451749671
2025-09-17 03:27:00+00:00,89.685751307429,85.82326217437158
2025-09-17 03:28:00+00:00,89.68705105667719,86.14228107535749
2025-09-17 03:29:00+00:00,90.66954393169252,85.7919403425127
2025-09-17 03:30:00+00:00,89.13811728747339,84.61138269899352
2025-09-17 03:31:00+00:00,89.85323671290773,84.82331087845157
2025-09-17 03:32:00+00:00,90.31971069159819,86.39971358526262
2025-09-17 03:33:00+00:00,89.61480654324981,85.60735606488893
2025-09-17 03:34:00+00:00,89.18316174195363,85.64639012603894
2025-09-17 03:35:00+00:00,89.45564352990714,86.69123922964509
2025-09-17 03:36:00+00:00,90.73694247025081,84.30545803389515
2025-09-17 03:37:00+00:00,90.38936872899203,87.51927468361538
2025-09-17 03:38:00+00:00,89.91617245665172,87.28248763471349
2025-09-17 03:39:00+00:00,89.65205988383994,85.82662641267389
2025-09-17 03:40:00+00:00,89.63316521120709,85.3894229894751
2025-09-17 03:41:00+00:00,89.45565969516625,85.1385081131505
2025-09-17 03:42:00+00:00,89.92206734413354,87.00662281081074
2025-09-17 03:43:00+00:00,89.49755146622121,87.33525006491749
2025-09-17 03:44:00+00:00,90.80372353296379,87.58524252686315
2025-09-17 03:45:00+00:00,90.12237483105731,85.76219927254795
2025-09-17 03:46:00+00:00,90.59736236770877,85.06083205229389
2025-09-17 03:47:00+00:00,89.12757870950018,87.71340120861066
2025-09-17 03:48:00+00:00,90.44402012860593,86.09444893121521
2025-09-17 03:49:00+00:00,90.30801190598959,86.7683570851176
2025-09-17 03:50:00+00:00,89.6871367939916,87.64164291577053
2025-09-17 03:51:00+00:00,89.81731957285085,84.81749844746496
2025-09-17 03:52:00+00:00,89.14276121944054,84.39500758016524
2025-09-17 03:53:00+00:00,90.14042797225281,85.93788479938755
2025-09-17 03:54:00+00:00,90.45450157502879,84.98521451744938
2025-09-17 03:55:00+00:00,90.85220843816032,87.20607639568142
2025-09-17 03:56:00+00:00,89.91260984497369,86.86963801681637
2025-09-17 03:57:00+00:00,89.23037701628361,84.78729357584666
2025-09-17 03:58:00+00:00,90.59538526762327,87.15554602937978
2025-09-17 03:59:00+00:00,90.19923167557604,84.81710580053063
2025-09-17 04:00:00+00:00,90.77400520179368,87.17710456971753
2025-09-17 04:01:00+00:00,89.99752468597478,84.72061751744101
2025-09-17 04:02:00+00:00,90.49482992723452,84.6282261894482
2025-09-17 04:03:00+00:00,89.940406559561,84.86171379756945
2025-09-17 04:04:00+00:00,89.60241435888278,87.2654001044101
2025-09-17 04:05:00+00:00,90.47065110838643,86.42758162668535
2025-09-17 04:06:00+00:00,89.24898037881404,85.13209047102798
2025-09-17 04:07:00+00:00,90.42429504299,86.32681996748123
2025-09-17 04:08:00+00:00,90.55538154089388,84.67480370469201
2025-09-17 04:09:00+00:00,90.25303615082711,87.07905163263806
2025-09-17 04:10:00+00:00,90.7676023136049,84.31895595892694
2025-09-17 04:11:00+00:00,90.72440373754091,86.32282931897412
2025-09-17 04:12:00+00:00,89.22880387125237,87.154029715336
2025-09-17 04:13:00+00:00,89.7608471018716,87.68338070402207
2025-09-17 04:14:00+00:00,90.6868646759429,85.60870083250441
2025-09-17 04:15:00+00:00,90.3694531393198,84.39322508853672
2025-09-17 04:16:00+00:00,90.46445567663423,86.6346403278274
2025-09-17 04:17:00+00:00,89.13953184853926,85.14973165139668
2025-09-17 04:18:00+00:00,90.16112230961284,87.68570591104269
2025-09-17 04:19:00+00:00,90.1498690202239,87.06987378646397
2025-09-17 04:20:00+00:00,89.40436151758306,87.5110047921284
2025-09-17 04:21:00+00:00,89.97856786400804,85.79082165123167
2025-09-17 04:22:00+00:00,89.721170969523,87.0023007074629
2025-09-17 04:23:00+00:00,89.76441810378634,86.14710270664122
2025-09-17 04:24:00+00:00,90.87575434195412,85.69250415240337
2025-09-17 04:25:00+00:00,89.1438612832416,84.91969183003081
2025-09-17 04:26:00+00:00,89.7916877379411,85.13916887244807
2025-09-17 04:27:00+00:00,90.13095394104462,86.64982706893856
2025-09-17 04:28:00+00:00,89.57063748353372,86.43912998155346
2025-09-17 04:29:00+00:00,90.24458918603447,86.29806819294201
2025-09-17 04:30:00+00:00,90.15517957750497,84.37038867273415
2025-09-17 04:31:00+00:00,90.10441496789987,87.28012997987388
2025-09-17 04:32:00+00:00,90.69354200237926,86.51897511611574
2025-09-17 04:33:00+00:00,90.04612595945537,86.72647785462048
2025-09-17 04:34:00+00:00,89.14454177333664,87.24140844239588
2025-09-17 04:35:00+00:00,90.88881165151717,85.6223216648578
2025-09-17 04:36:00+00:00,90.02575625921955,85.18558655297622
2025-09-17 04:37:00+00:00,89.7384705913496,86.95428277148497
2025-09-17 04:38:00+00:00,90.49806452725299,85.54542166123842
2025-09-17 04:39:00+00:00,90.58198812193419,85.90793522723082
2025-09-17 04:40:00+00:00,90.15076178167656,86.36752818626024
2025-09-17 04:41:00+00:00,89.60783804546072,85.62645387344858
2025-09-17 04:42:00+00:00,89.50975993139967,85.13619986851168
2025-09-17 04:43:00+00:00,89.9292859821676,87.00630126909473
2025-09-17 04:44:00+00:00,90.89297753699866,84.37415013439904
2025-09-17 04:45:00+00:00,90.3315243192163,84.29882167729728
2025-09-17 04:46:00+00:00,89.36862383399176,84.72405130161413
2025-09-17 04:47:00+00:00,90.29030699239814,85.74608422859316
2025-09-17 04:48:00+00:00,89.56296219395468,85.13118492106162
2025-09-17 04:49:00+00:00,89.97487560629625,87.6362703195971
2025-09-17 04:50:00+00:00,90.48858830160859,84.48167785610896
2025-09-17 04:51:00+00:00,89.41289841802339,85.8272760196877
2025-09-17 04:52:00+00:00,90.14475347442462,86.53367309367064
2025-09-17 04:53:00+00:00,90.88698682327187,86.20211821140272
2025-09-17 04:54:00+00:00,89.12199174714874,86.82564359749367
2025-09-17 04:55:00+00:00,90.52434622246275,84.76687091910057
2025-09-17 04:56:00+00:00,89.58652430827482,85.75006716395315
2025-09-17 04:57:00+00:00,89.4649688728716,87.54802093655628
2025-09-17 04:58:00+00:00,89.17529660072067,86.3973826618595
2025-09-17 04:59:00+00:00,89.2847766380342,87.36717791431556
2025-09-17 05:00:00+00:00,89.86840675734412,87.42753319407635
2025-09-17 05:01:00+00:00,89.34737705204098,86.14896542464385
2025-09-17 05:02:00+00:00,89.93975730555512,86.35034534348549
2025-09-17 05:03:00+00:00,90.32832874040848,87.23013734256725
2025-09-17 05:04:00+00:00,89.28001491701048,86.02955236924123
2025-09-17 05:05:00+00:00,90.42350420499413,84.82896016290081
2025-09-17 05:06:00+00:00,90.2807587558587,87.02766002994059
2025-09-17 05:07:00+00:00,90.8237462568068,87.60617763288612
2025-09-17 05:08:00+00:00,90.34034840918034,87.14380407494893
2025-09-17 05:09:00+00:00,90.67741207492371,85.26381313440577
2025-09-17 05:10:00+00:00,89.48002304215103,84.74066227554543
2025-09-17 05:11:00+00:00,89.33931314751648,85.7946118243712
2025-09-17 05:12:00+00:00,90.54592959995345,87.61929193152977
2025-09-17 05:13:00+00:00,89.30833728881183,85.5216054131278
2025-09-17 05:14:00+00:00,89.52790452839909,87.32517759946509
2025-09-17 05:15:00+00:00,90.29658865047294,87.52886683360451
2025-09-17 05:16:00+00:00,89.83091872352463,85.19925379644464
2025-09-17 05:17:00+00:00,89.72246529527042,85.91740490569686
2025-09-17 05:18:00+00:00,90.15828625513991,84.60579850362187
2025-09-17 05:19:00+00:00,89.3138690455482,85.39451687483594
2025-09-17 05:20:00+00:00,89.83531211164902,84.60173636918945
2025-09-17 05:21:00+00:00,89.2490728871052,85.14087556273901
2025-09-17 05:22:00+00:00,90.87926257078387,84.86120525731704
2025-09-17 05:23:00+00:00,90.03989103463759,84.98592524116093
2025-09-17 05:24:00+00:00,90.0507104099925,84.62394598601074
2025-09-17 05:25:00+00:00,90.2810353804032,85.68126231255548
2025-09-17 05:26:00+00:00,89.62177072479778,85.20089464813142
2025-09-17 05:27:00+00:00,89.9242901894346,85.75251208533166
2025-09-17 05:28:00+00:00,89.82820657428147,86.79732115132803
2025-09-17 05:29:00+00:00,90.62310157042798,84.68276398062282
2025-09-17 05:30:00+00:00,90.54473239791668,85.81055044411461
2025-09-17 05:31:00+00:00,89.14162296004763,85.99859116591239
2025-09-17 05:32:00+00:00,90.14482362059888,86.24431585682517
2025-09-17 05:33:00+00:00,89.15403940923898,84.33476450081686
2025-09-17 05:34:00+00:00,89.24129677945784,87.20095699023253
2025-09-17 05:35:00+00:00,89.97521801640879,85.48269884814387
2025-09-17 05:36:00+00:00,90.138500044465,84.85350193923878
2025-09-17 05:37:00+00:00,89.7603963785817,86.55770569861467
2025-09-17 05:38:00+00:00,89.13268606251086,85.5604890286716
2025-09-17 05:39:00+00:00,89.35062066462648,87.66601697827141
2025-09-17 05:40:00+00:00,89.58845650425731,86.85485809140347
2025-09-17 05:41:00+00:00,89.16509252388792,84.98149961322527
2025-09-17 05:42:00+00:00,89.79867121002175,85.37378672485677
2025-09-17 05:43:00+00:00,90.58305268244767,86.62715333965707
2025-09-17 05:44:00+00:00,89.83175304243728,87.21625619953753
2025-09-17 05:45:00+00:00,90.45942730118422,85.0914441662952
2025-09-17 05:46:00+00:00,90.8375097094539,85.83936737834286
2025-09-17 05:47:00+00:00,90.44804892109622,86.31954787525794
2025-09-17 05:48:00+00:00,90.18048119055072,87.01029847278502
2025-09-17 05:49:00+00:00,89.52277908885937,87.39418183214663
2025-09-17 05:50:00+00:00,90.7909291909549,85.85450995577781
2025-09-17 05:51:00+00:00,89.69986845210778,85.39616045913372
2025-09-17 05:52:00+00:00,90.81787718849002,86.63423737845315
2025-09-17 05:53:00+00:00,89.11680997874333,85.07760577250082
2025-09-17 05:54:00+00:00,89.70686531239483,85.51269604933883
2025-09-17 05:55:00+00:00,89.29691911008779,85.1570243237089
2025-09-17 05:56:00+00:00,89.80196925883472,85.98987267154834
2025-09-17 05:57:00+00:00,89.27683646061139,86.86442907944887
2025-09-17 05:58:00+00:00,89.89387467257659,86.35989629854245
2025-09-17 05:59:00+00:00,90.60961704872535,86.92592302778415
2025-09-17 06:00:00+00:00,89.18833540704671,85.3893473709099
2025-09-17 06:01:00+00:00,90.37981048326007,86.06502102942241
2025-09-17 06:02:00+00:00,90.51316889034065,86.03455432829473
2025-09-17 06:03:00+00:00,89.71624262265577,85.81091419705508
2025-09-17 06:04:00+00:00,89.9426661206858,86.6853008574442
2025-09-17 06:05:00+00:00,90.04225550737823,85.7286480184053
2025-09-17 06:06:00+00:00,90.49381705439899,85.88549485131645
2025-09-17 06:07:00+00:00,90.34835527437164,87.26108382188687
2025-09-17 06:08:00+00:00,90.46401017458244,86.4501643070974
2025-09-17 06:09:00+00:00,90.46547127467709,85.05018570171379
2025-09-17 06:10:00+00:00,90.49048280486552,84.39189417595438
2025-09-17 06:11:00+00:00,90.80187128824468,86.873589731373
2025-09-17 06:12:00+00:00,89.56631846311413,86.89323821984074
2025-09-17 06:13:00+00:00,90.63555489724982,86.08716947880309
2025-09-17 06:14:00+00:00,89.79948755614741,87.31178781958802
2025-09-17 06:15:00+00:00,90.83696523394356,84.88873844460238
2025-09-17 06:16:00+00:00,90.41602515589885,85.51976846568374
2025-09-17 06:17:00+00:00,90.15558323138679,84.3054655687631
2025-09-17 06:18:00+00:00,90.39110297179955,86.90442572374981
2025-09-17 06:19:00+00:00,90.73163488111678,84.57741430634032
2025-09-17 06:20:00+00:00,90.51790906346035,86.82912217482706
2025-09-17 06:21:00+00:00,90.2971906692209,86.26546440094222
2025-09-17 06:22:00+00:00,90.42848423962104,84.82843850643943
2025-09-17 06:23:00+00:00,90.3658652693997,87.42386686898169
2025-09-17 06:24:00+00:00,89.69432310674117,84.9161184457304
2025-09-17 06:25:00+00:00,89.65951027243645,87.63552488684222
2025-09-17 06:26:00+00:00,90.45104616253573,86.6674906112534
2025-09-17 06:27:00+00:00,90.52360555070995,85.45955223951437
2025-09-17 06:28:00+00:00,90.26689409182612,84.64207141534932
2025-09-17 06:29:00+00:00,90.00686178839459,84.61691660366618
2025-09-17 06:30:00+00:00,90.15357881718009,87.29006307071032
2025-09-17 06:31:00+00:00,89.89750982844201,85.27479782661278
2025-09-17 06:32:00+00:00,90.30409386861672,85.26351289973782
2025-09-17 06:33:00+00:00,90.08813819078794,86.79913119204934
2025-09-17 06:34:00+00:00,89.27445699535718,84.29050926567339
2025-09-17 06:35:00+00:00,89.69147087182755,84.94207595043356
2025-09-17 06:36:00+00:00,90.3999391107681,87.18331975307774
2025-09-17 06:37:00+00:00,90.1111291436291,86.10874708632508
2025-09-17 06:38:00+00:00,90.33420916357557,84.76566439345248
2025-09-17 06:39:00+00:00,90.60638079827872,84.68936739999971
2025-09-17 06:40:00+00:00,89.65496602157512,84.53005660288687
2025-09-17 06:41:00+00:00,90.61062986883317,85.40575869006624
2025-09-17 06:42:00+00:00,90.6570190896876,86.0119003810901
2025-09-17 06:43:00+00:00,90.50767328367591,84.50104535511795
2025-09-17 06:44:00+00:00,89.33727259840491,85.37654942738828
2025-09-17 06:45:00+00:00,90.82776663957048,85.2656481593516
2025-09-17 06:46:00+00:00,89.90595324233753,86.9760999003563
2025-09-17 06:47:00+00:00,90.29824859422904,85.7073490400408
2025-09-17 06:48:00+00:00,90.15123015272077,85.30578533294744
2025-09-17 06:49:00+00:00,89.53719610240528,85.49503603289664
2025-09-17 06:50:00+00:00,89.9430748081667,84.4170465408171
2025-09-17 06:51:00+00:00,90.42413240653505,85.65225376312553
2025-09-17 06:52:00+00:00,90.11014821679375,86.17056358307684
2025-09-17 06:53:00+00:00,89.1167896825449,86.35339205422163
2025-09-17 06:54:00+00:00,90.74968438355711,87.68232462846325
2025-09-17 06:55:00+00:00,90.57315397123888,86.23748643644433
2025-09-17 06:56:00+00:00,89.13801251287127,86.83752640800422
2025-09-17 06:57:00+00:00,89.41548632382724,84.55011809319289
2025-09-17 06:58:00+00:00,89.13948443523535,86.6199664850388
2025-09-17 06:59:00+00:00,90.40336986745936,87.70682166078284
2025-09-17 07:00:00+00:00,90.36451781151152,84.9480512260518
2025-09-17 07:01:00+00:00,89.28894319363566,86.90540323315808
2025-09-17 07:02:00+00:00,89.905825258619,86.52426897039584
2025-09-17 07:03:00+00:00,89.13275802645845,84.4830783564499
2025-09-17 07:04:00+00:00,89.40751325738236,84.71295301381292
2025-09-17 07:05:00+00:00,90.19729188547814,85.25808036664735
2025-09-17 07:06:00+00:00,89.43443599518477,85.64754642291089
2025-09-17 07:07:00+00:00,90.84410929231058,87.68362135930978
2025-09-17 07:08:00+00:00,89.42196766536391,86.50413921490158
2025-09-17 07:09:00+00:00,90.54214660398273,86.42813421629593
2025-09-17 07:10:00+00:00,90.16521274074418,87.02457648614276
2025-09-17 07:11:00+00:00,90.78715780676514,84.4688873725098
2025-09-17 07:12:00+00:00,89.17397216729907,84.36302684289971
2025-09-17 07:13:00+00:00,89.65360979487271,87.6902321647935
2025-09-17 07:14:00+00:00,89.15214585763934,86.64579149742772
2025-09-17 07:15:00+00:00,90.57907445482431,85.04441996616674
2025-09-17 07:16:00+00:00,90.63161830754859,85.76389175848196
2025-09-17 07:17:00+00:00,89.65769100120812,87.71389646277629
2025-09-17 07:18:00+00:00,89.71938074725351,85.49722857310749
2025-09-17 07:19:00+00:00,89.93385859949646,84.56482494734006
2025-09-17 07:20:00+00:00,90.21480800194114,86.62814255919582
2025-09-17 07:21:00+00:00,89.82217001748907,85.90818250701359
2025-09-17 07:22:00+00:00,89.89918408195192,87.27658586522435
2025-09-17 07:23:00+00:00,89.48940038534133,86.38276667156086
2025-09-17 07:24:00+00:00,89.8765709127682,86.017136314502
2025-09-17 07:25:00+00:00,89.47907793930665,85.60170627473124
2025-09-17 07:26:00+00:00,89.24467235714992,84.49298669981316
2025-09-17 07:27:00+00:00,89.20267779925062,87.56854885003322
2025-09-17 07:28:00+00:00,89.14516909180892,86.4119868711809
2025-09-17 07:29:00+00:00,89.59056148092222,87.05861013419661
2025-09-17 07:30:00+00:00,90.73140994811547,84.73292639218771
2025-09-17 07:31:00+00:00,89.58579533323466,85.23317171970389
2025-09-17 07:32:00+00:00,89.2457541600237,85.38502336660446
2025-09-17 07:33:00+00:00,90.29421288589144,85.5015803685521
2025-09-17 07:34:00+00:00,89.30356262214029,86.86202954998205
2025-09-17 07:35:00+00:00,89.8959188515968,85.69928926812638
2025-09-17 07:36:00+00:00,90.01513904123246,87.27838913286588
2025-09-17 07:37:00+00:00,90.02093015431883,85.17438978310462
2025-09-17 07:38:00+00:00,89.8828951168516,84.51326181530288
2025-09-17 07:39:00+00:00,90.35771711075708,86.96514302492561
2025-09-17 07:40:00+00:00,90.12693890389936,84.30146565260138
2025-09-17 07:41:00+00:00,90.80315909804648,85.10479269185682
2025-09-17 07:42:00+00:00,89.90385071816605,85.00728675564191
2025-09-17 07:43:00+00:00,90.23415922932205,87.31830557478092
2025-09-17 07:44:00+00:00,89.83500860635473,85.43941338979334
2025-09-17 07:45:00+00:00,90.88598421819589,87.47906769920431
2025-09-17 07:46:00+00:00,90.84520620168401,86.9488291605033
2025-09-17 07:47:00+00:00,90.23887041834058,84.53227954010643
2025-09-17 07:48:00+00:00,90.36130495280995,85.4820773454385
2025-09-17 07:49:00+00:00,89.6704119576333,84.92539536771197
2025-09-17 07:50:00+00:00,89.81749353923924,87.29946317391027
2025-09-17 07:51:00+00:00,90.55973331207201,85.07827773023264
2025-09-17 07:52:00+00:00,89.27557593880529,84.44512349431797
2025-09-17 07:53:00+00:00,89.87386227119805,84.87077776036293
2025-09-17 07:54:00+00:00,90.78537422164764,85.39659762016507
2025-09-17 07:55:00+00:00,90.25844237974668,84.76329159868898
2025-09-17 07:56:00+00:00,90.52365622309922,87.47244498759757
2025-09-17 07:57:00+00:00,89.81852323907029,86.45248521438052
2025-09-17 07:58:00+00:00,90.50085283315013,86.17365836078815
2025-09-17 07:59:00+00:00,90.21367111773374,86.76808695393187
2025-09-17 08:00:00+00:00,90.05317007206071,84.47787485233162
2025-09-17 08:01:00+00:00,90.33601554450127,87.6236580329901
2025-09-17 08:02:00+00:00,90.4107795366743,87.47649218268499
2025-09-17 08:03:00+00:00,89.6372182418446,86.31343307297232
2025-09-17 08:04:00+00:00,90.8262273028377,86.2257931400786
2025-09-17 08:05:00+00:00,90.56828806745415,84.54018492760115
2025-09-17 08:06:00+00:00,90.31719788438633,85.53533603773673
2025-09-17 08:07:00+00:00,89.9560177753627,86.0542492755211
2025-09-17 08:08:00+00:00,90.0702643412368,85.47592212483767
2025-09-17 08:09:00+00:00,90.79484526860405,86.69305871483772
2025-09-17 08:10:00+00:00,89.38749120602928,86.63489011094029
2025-09-17 08:11:00+00:00,89.99301304829969,87.42672453847923
2025-09-17 08:12:00+00:00,89.65548705498402,86.67010799808523
2025-09-17 08:13:00+00:00,89.84448445155525,87.06086165869392
2025-09-17 08:14:00+00:00,89.1030709496681,86.64114728907218
2025-09-17 08:15:00+00:00,89.8185979153414,85.02834043573836
2025-09-17 08:16:00+00:00,89.75940128047021,86.4336162771084
2025-09-17 08:17:00+00:00,89.59409289208912,85.72371061118456
2025-09-17 08:18:00+00:00,90.68690988412834,84.99449393483164
2025-09-17 08:19:00+00:00,89.12673934642446,85.42030331297266
2025-09-17 08:20:00+00:00,89.55647956963243,86.8309778728275
2025-09-17 08:21:00+00:00,89.59973330945564,85.54362251706596
2025-09-17 08:22:00+00:00,89.80804611157355,84.39139909358917
2025-09-17 08:23:00+00:00,89.71116340685727,85.05751752746669
2025-09-17 08:24:00+00:00,89.28074358632166,85.1649981227655
2025-09-17 08:25:00+00:00,89.5348009641436,85.24497433134049
2025-09-17 08:26:00+00:00,90.42279719889534,74.56666834965309
2025-09-17 08:27:00+00:00,91.14964493463435,73.5484079212824
2025-09-17 08:28:00+00:00,90.14707104996948,73.29033248947084
2025-09-17 08:29:00+00:00,89.94506364385933,71.92957012145912
2025-09-17 08:30:00+00:00,90.95768753310534,73.56827187189194
2025-09-17 08:31:00+00:00,91.74564230530356,73.27639179396252
2025-09-17 08:32:00+00:00,91.10817355437482,72.4929323134727
2025-09-17 08:33:00+00:00,90.58781875463254,70.41295842837967
2025-09-17 08:34:00+00:00,90.67964401934111,70.88563042009284
2025-09-17 08:35:00+00:00,91.07667069943756,70.37630729828086
2025-09-17 08:36:00+00:00,90.40659881033335,71.99955103960274
2025-09-17 08:37:00+00:00,90.91713186671765,70.31069165122257
2025-09-17 08:38:00+00:00,90.50089162588426,69.63217383666955
2025-09-17 08:39:00+00:00,90.66580784871704,70.84392923851304
2025-09-17 08:40:00+00:00,91.02354635681615,69.50415056596351
2025-09-17 08:41:00+00:00,90.15808361015051,70.36842088226322
2025-09-17 08:42:00+00:00,91.87215166971855,70.1450452673017
2025-09-17 08:43:00+00:00,90.3916311541207,68.26375893527776
2025-09-17 08:44:00+00:00,91.42316154545314,69.26186604298209
2025-09-17 08:45:00+00:00,91.37790272819757,69.36982753798416
2025-09-17 08:46:00+00:00,91.61700310253318,67.65356707850061
2025-09-17 08:47:00+00:00,90.53739216454298,67.57682466429793
2025-09-17 08:48:00+00:00,90.68994603968464,67.85921815368887
2025-09-17 08:49:00+00:00,90.431006424843,66.79144705786942
2025-09-17 08:50:00+00:00,91.45419911150444,66.39483143096322
2025-09-17 08:51:00+00:00,91.40396841649297,67.16996074837296
2025-09-17 08:52:00+00:00,91.48574020255981,67.68963394761684
2025-09-17 08:53:00+00:00,91.30400029889022,67.36267742608996
2025-09-17 08:54:00+00:00,90.8134327103317,66.71273021298008
2025-09-17 08:55:00+00:00,90.53293628636071,65.09001782905693
2025-09-17 08:56:00+00:00,91.75091610685439,65.66665535767677
2025-09-17 08:57:00+00:00,90.39444298838872,66.50020882852893
2025-09-17 08:58:00+00:00,91.99552375699571,63.7997778267259
2025-09-17 08:59:00+00:00,91.18919556026704,65.01036185759378
2025-09-17 09:00:00+00:00,92.01620962796156,63.48007376558993
2025-09-17 09:01:00+00:00,91.46305813495837,65.10011390550405
2025-09-17 09:02:00+00:00,91.34105453734577,63.04347606936841
2025-09-17 09:03:00+00:00,91.84782544443364,64.90773303978952
2025-09-17 09:04:00+00:00,91.92802027929692,62.876351003225345
2025-09-17 09:05:00+00:00,90.83625119683583,62.148574231680314
2025-09-17 09:06:00+00:00,90.89463401246078,62.74537898348422
2025-09-17 09:07:00+00:00,90.72766202104114,61.73316733080206
2025-09-17 09:08:00+00:00,90.82945177450223,62.500267043234416
2025-09-17 09:09:00+00:00,91.93838961512019,63.05259977173565
2025-09-17 09:10:00+00:00,91.67845413754047,62.486381302473085
2025-09-17 09:11:00+00:00,90.71165776344877,60.75594741499975
2025-09-17 09:12:00+00:00,92.37268477523395,61.60608656661968
2025-09-17 09:13:00+00:00,92.35288047934394,60.32178425948546
2025-09-17 09:14:00+00:00,91.87926877353223,61.156100053881154
2025-09-17 09:15:00+00:00,92.37563606210857,60.49213723413692
2025-09-17 09:16:00+00:00,92.46431402588799,61.43028393564558
2025-09-17 09:17:00+00:00,92.40737019042912,60.16712481484689
2025-09-17 09:18:00+00:00,92.3849938557438,60.34786140929198
2025-09-17 09:19:00+00:00,90.77678007924371,60.094872236341295
2025-09-17 09:20:00+00:00,90.97133396891788,58.618074690461334
2025-09-17 09:21:00+00:00,90.95891107573857,59.13366350119158
2025-09-17 09:22:00+00:00,91.30042733544407,60.00498434896745
2025-09-17 09:23:00+00:00,90.8907957018867,59.22486400734635
2025-09-17 09:24:00+00:00,92.36583920860258,58.65063556928041
2025-09-17 09:25:00+00:00,91.3790913667556,58.861603709726666
2025-09-17 09:26:00+00:00,91.145860326622,58.68516060834844
2025-09-17 09:27:00+00:00,91.6323290859753,58.17725747325655
2025-09-17 09:28:00+00:00,91.02836194919557,57.534968121951636
2025-09-17 09:29:00+00:00,91.06659132693586,56.0969014062458
2025-09-17 09:30:00+00:00,92.43083362867824,55.74064316571453
2025-09-17 09:31:00+00:00,90.95916874107436,55.984913088490856
2025-09-17 09:32:00+00:00,92.09021993949302,55.749977068393484
2025-09-17 09:33:00+00:00,91.46148203376346,55.195801829369664
2025-09-17 09:34:00+00:00,92.06651313976481,55.47093239338262
2025-09-17 09:35:00+00:00,91.97621307698279,55.019420189441405
2025-09-17 09:36:00+00:00,91.77375496660468,56.007815115025714
2025-09-17 09:37:00+00:00,92.444177619552,54.52991820350545
2025-09-17 09:38:00+00:00,92.82804641106135,55.83487392594233
2025-09-17 09:39:00+00:00,91.90468516377973,54.48103614478842
2025-09-17 09:40:00+00:00,92.78128516034161,53.46804766084386
2025-09-17 09:41:00+00:00,92.3257515968691,53.139309459869466
2025-09-17 09:42:00+00:00,91.40083897702448,55.18919630153523
2025-09-17 09:43:00+00:00,92.71486826958962,54.96223927324728
2025-09-17 09:44:00+00:00,92.08649870793548,57.40084388120956
2025-09-17 09:45:00+00:00,91.45520753218776,57.15170368614986
2025-09-17 09:46:00+00:00,92.00815740943877,59.29342604159089
2025-09-17 09:47:00+00:00,92.57854422081472,59.86136700886435
2025-09-17 09:48:00+00:00,91.99651410347677,59.54504646010598
2025-09-17 09:49:00+00:00,92.17845668949988,61.789249405237534
2025-09-17 09:50:00+00:00,91.5763833647704,61.756571810536904
2025-09-17 09:51:00+00:00,90.96639432512987,62.55302785010374
2025-09-17 09:52:00+00:00,91.6867491690686,63.213676267427275
2025-09-17 09:53:00+00:00,91.73337404289225,63.341045399573005
2025-09-17 09:54:00+00:00,92.4299707943187,63.63101969730627
2025-09-17 09:55:00+00:00,92.4533001590543,66.31331701555052
2025-09-17 09:56:00+00:00,90.84180632161397,66.09248076010485
2025-09-17 09:57:00+00:00,91.82168669074203,66.28299841677081
2025-09-17 09:58:00+00:00,91.41807980850457,67.57551020512966
2025-09-17 09:59:00+00:00,91.3211025825658,68.45712225661022
2025-09-17 10:00:00+00:00,92.14296127919664,68.44861705820331
2025-09-17 10:01:00+00:00,91.24167385508053,67.19064484619757
2025-09-17 10:02:00+00:00,90.68714550723256,69.29127121171466
2025-09-17 10:03:00+00:00,91.96154163937791,69.66896993344001
2025-09-17 10:04:00+00:00,90.70021533834382,69.90701184784882
2025-09-17 10:05:00+00:00,90.70547366491084,70.2416494528857
2025-09-17 10:06:00+00:00,91.07932306073675,70.86376676658482
2025-09-17 10:07:00+00:00,92.18931661092525,70.9367120896036
2025-09-17 10:08:00+00:00,91.39879009858687,72.50787836538852
2025-09-17 10:09:00+00:00,92.15066956544949,71.05473710323996
2025-09-17 10:10:00+00:00,90.6397077825996,72.07865215507225
2025-09-17 10:11:00+00:00,92.155589952995,71.36406331315297
2025-09-17 10:12:00+00:00,91.66358982071957,71.41836993706805
2025-09-17 10:13:00+00:00,91.89584924851259,72.70072757063905
2025-09-17 10:14:00+00:00,90.75826317070059,71.81805292447109
2025-09-17 10:15:00+00:00,90.6108311404705,73.18424441346411
2025-09-17 10:16:00+00:00,91.68046328877031,74.58193128589095
2025-09-17 10:17:00+00:00,90.54940675589123,72.96692720008689
2025-09-17 10:18:00+00:00,91.58478820029143,74.00087523461391
2025-09-17 10:19:00+00:00,91.10157403630737,73.6176820138003
2025-09-17 10:20:00+00:00,90.72546197634291,74.8683615793667
2025-09-17 10:21:00+00:00,91.15268502520564,75.63767773755899
2025-09-17 10:22:00+00:00,90.35448565628403,74.30222068340298
2025-09-17 10:23:00+00:00,90.77934847549334,74.55356316686022
2025-09-17 10:24:00+00:00,91.05209207807914,76.75323328142554
2025-09-17 10:25:00+00:00,91.435318264753,74.52487988590356
2025-09-17 10:26:00+00:00,90.31908600785458,75.59173306347975
