timestamp,sla_penalty_per_hour,emergency_budget_burn_cumulative
2025-09-16 10:26:00+00:00,60.34413324620559,0.0
2025-09-16 10:27:00+00:00,-10.668121072499218,0.0
2025-09-16 10:28:00+00:00,-29.352313261835093,0.0
2025-09-16 10:29:00+00:00,-56.57235994858323,0.0
2025-09-16 10:30:00+00:00,-13.646738620710266,0.0
2025-09-16 10:31:00+00:00,-52.237039341519505,0.0
2025-09-16 10:32:00+00:00,-98.42776586776387,0.0
2025-09-16 10:33:00+00:00,-61.26276976045211,0.0
2025-09-16 10:34:00+00:00,-21.338897255114617,0.0
2025-09-16 10:35:00+00:00,84.38212174374146,0.0
2025-09-16 10:36:00+00:00,-10.528694746010586,0.0
2025-09-16 10:37:00+00:00,96.48291867126974,0.0
2025-09-16 10:38:00+00:00,-53.98157561600414,0.0
2025-09-16 10:39:00+00:00,-48.52784482269361,0.0
2025-09-16 10:40:00+00:00,-78.45536494594046,0.0
2025-09-16 10:41:00+00:00,-65.83479863291777,0.0
2025-09-16 10:42:00+00:00,89.75441417361611,0.0
2025-09-16 10:43:00+00:00,77.59707312563913,0.0
2025-09-16 10:44:00+00:00,-60.896564247563646,0.0
2025-09-16 10:45:00+00:00,-43.03373402572899,0.0
2025-09-16 10:46:00+00:00,-21.68175916351214,0.0
2025-09-16 10:47:00+00:00,-83.32637146959271,0.0
2025-09-16 10:48:00+00:00,6.670724512875964,0.0
2025-09-16 10:49:00+00:00,-20.951312962966597,0.0
2025-09-16 10:50:00+00:00,-97.00400758449166,0.0
2025-09-16 10:51:00+00:00,99.15142254332446,0.0
2025-09-16 10:52:00+00:00,38.744689178214855,0.0
2025-09-16 10:53:00+00:00,-82.562310734942,0.0
2025-09-16 10:54:00+00:00,61.59136308093244,0.0
2025-09-16 10:55:00+00:00,-9.737246052736765,0.0
2025-09-16 10:56:00+00:00,-43.213183566266956,0.0
2025-09-16 10:57:00+00:00,24.10207378500482,0.0
2025-09-16 10:58:00+00:00,36.85311313912263,0.0
2025-09-16 10:59:00+00:00,-5.249817201118589,0.0
2025-09-16 11:00:00+00:00,-34.51634788011803,0.0
2025-09-16 11:01:00+00:00,-67.03983429879378,0.0
2025-09-16 11:02:00+00:00,-77.28466912638137,0.0
2025-09-16 11:03:00+00:00,14.155735111123619,0.0
2025-09-16 11:04:00+00:00,47.72246736527816,0.0
2025-09-16 11:05:00+00:00,16.688578332401917,0.0
2025-09-16 11:06:00+00:00,-46.4004099488845,0.0
2025-09-16 11:07:00+00:00,-38.772784444024545,0.0
2025-09-16 11:08:00+00:00,35.15953420825258,0.0
2025-09-16 11:09:00+00:00,82.20986723920547,0.0
2025-09-16 11:10:00+00:00,-47.43585778912862,0.0
2025-09-16 11:11:00+00:00,72.03481235047147,0.0
2025-09-16 11:12:00+00:00,-33.00573447430975,0.0
2025-09-16 11:13:00+00:00,82.45557864013276,0.0
2025-09-16 11:14:00+00:00,51.66890417254089,0.0
2025-09-16 11:15:00+00:00,-61.273773372296915,0.0
2025-09-16 11:16:00+00:00,-11.760773378523723,0.0
2025-09-16 11:17:00+00:00,29.056774196142555,0.0
2025-09-16 11:18:00+00:00,30.478935717619123,0.0
2025-09-16 11:19:00+00:00,-42.78870010071738,0.0
2025-09-16 11:20:00+00:00,4.538566040215656,0.0
2025-09-16 11:21:00+00:00,49.528518782671256,0.0
2025-09-16 11:22:00+00:00,-83.02207407241224,0.0
2025-09-16 11:23:00+00:00,68.28044498930996,0.0
2025-09-16 11:24:00+00:00,-34.80562252616022,0.0
2025-09-16 11:25:00+00:00,74.61584463999353,0.0
2025-09-16 11:26:00+00:00,-39.850854106868994,0.0
2025-09-16 11:27:00+00:00,-78.02471349228355,0.0
2025-09-16 11:28:00+00:00,68.9930100423856,0.0
2025-09-16 11:29:00+00:00,-9.035235826929465,0.0
2025-09-16 11:30:00+00:00,-5.544020926045846,0.0
2025-09-16 11:31:00+00:00,-82.71530421806995,0.0
2025-09-16 11:32:00+00:00,-26.646055237959203,0.0
2025-09-16 11:33:00+00:00,-79.76035910976677,0.0
2025-09-16 11:34:00+00:00,-77.79466823512615,0.0
2025-09-16 11:35:00+00:00,37.751951173677526,0.0
2025-09-16 11:36:00+00:00,-88.12900163032451,0.0
2025-09-16 11:37:00+00:00,-3.4627214431850177,0.0
2025-09-16 11:38:00+00:00,-46.37181527827205,0.0
2025-09-16 11:39:00+00:00,-4.288863248902345,0.0
2025-09-16 11:40:00+00:00,-65.46202791966215,0.0
2025-09-16 11:41:00+00:00,25.946677314537084,0.0
2025-09-16 11:42:00+00:00,32.527964986993254,0.0
2025-09-16 11:43:00+00:00,-66.0179753409441,0.0
2025-09-16 11:44:00+00:00,21.59724670395697,0.0
2025-09-16 11:45:00+00:00,6.363804019691571,0.0
2025-09-16 11:46:00+00:00,-56.75512675952994,0.0
2025-09-16 11:47:00+00:00,-23.59739080479126,0.0
2025-09-16 11:48:00+00:00,-92.29890399816702,0.0
2025-09-16 11:49:00+00:00,-17.93572773960146,0.0
2025-09-16 11:50:00+00:00,-40.08256087862736,0.0
2025-09-16 11:51:00+00:00,94.72057377349503,0.0
2025-09-16 11:52:00+00:00,57.36852839603648,0.0
2025-09-16 11:53:00+00:00,-81.36664897745015,0.0
2025-09-16 11:54:00+00:00,-45.393855042573314,0.0
2025-09-16 11:55:00+00:00,38.469941956422076,0.0
2025-09-16 11:56:00+00:00,-91.57817495486269,0.0
2025-09-16 11:57:00+00:00,69.24512086676856,0.0
2025-09-16 11:58:00+00:00,25.677462629704166,0.0
2025-09-16 11:59:00+00:00,95.11129317083362,0.0
2025-09-16 12:00:00+00:00,86.13820819595836,0.0
2025-09-16 12:01:00+00:00,71.89765543898079,0.0
2025-09-16 12:02:00+00:00,-49.754374418892766,0.0
2025-09-16 12:03:00+00:00,-11.276349388382755,0.0
2025-09-16 12:04:00+00:00,80.29855590692142,0.0
2025-09-16 12:05:00+00:00,-92.77761895625893,0.0
2025-09-16 12:06:00+00:00,-3.459147231420019,0.0
2025-09-16 12:07:00+00:00,-34.97125033510973,0.0
2025-09-16 12:08:00+00:00,-1.6582937437495957,0.0
2025-09-16 12:09:00+00:00,84.81663988852816,0.0
2025-09-16 12:10:00+00:00,-94.53539765669012,0.0
2025-09-16 12:11:00+00:00,31.90332819644442,0.0
2025-09-16 12:12:00+00:00,-21.52467453199725,0.0
2025-09-16 12:13:00+00:00,-77.87409550234115,0.0
2025-09-16 12:14:00+00:00,95.13807033348786,0.0
2025-09-16 12:15:00+00:00,64.23403153589749,0.0
2025-09-16 12:16:00+00:00,-12.188541140287242,0.0
2025-09-16 12:17:00+00:00,-83.41238703638088,0.0
2025-09-16 12:18:00+00:00,67.65800306074658,0.0
2025-09-16 12:19:00+00:00,-43.66970123969476,0.0
2025-09-16 12:20:00+00:00,20.2275997930157,0.0
2025-09-16 12:21:00+00:00,-54.12792034878364,0.0
2025-09-16 12:22:00+00:00,-99.95689562750896,0.0
2025-09-16 12:23:00+00:00,34.51318749764093,0.0
2025-09-16 12:24:00+00:00,67.28273224963425,0.0
2025-09-16 12:25:00+00:00,-33.08443324054575,0.0
2025-09-16 12:26:00+00:00,87.19734090949484,0.0
2025-09-16 12:27:00+00:00,-58.97067213785998,0.0
2025-09-16 12:28:00+00:00,-68.97091131187105,0.0
2025-09-16 12:29:00+00:00,25.48430541002844,0.0
2025-09-16 12:30:00+00:00,-43.222822486829,0.0
2025-09-16 12:31:00+00:00,43.8227536644244,0.0
2025-09-16 12:32:00+00:00,16.673832295478746,0.0
2025-09-16 12:33:00+00:00,37.63410531604762,0.0
2025-09-16 12:34:00+00:00,37.62676725871296,0.0
2025-09-16 12:35:00+00:00,32.657414964346884,0.0
2025-09-16 12:36:00+00:00,-66.35466112638535,0.0
2025-09-16 12:37:00+00:00,-4.156076778012945,0.0
2025-09-16 12:38:00+00:00,-41.50322544965521,0.0
2025-09-16 12:39:00+00:00,28.00049380558235,0.0
2025-09-16 12:40:00+00:00,34.60902797146957,0.0
2025-09-16 12:41:00+00:00,18.678180792659575,0.0
2025-09-16 12:42:00+00:00,-45.7439579020613,0.0
2025-09-16 12:43:00+00:00,94.52465491636929,0.0
2025-09-16 12:44:00+00:00,1.7705909001941365,0.0
2025-09-16 12:45:00+00:00,94.98979160179553,0.0
2025-09-16 12:46:00+00:00,-8.875869256568535,0.0
2025-09-16 12:47:00+00:00,-99.5988293013754,0.0
2025-09-16 12:48:00+00:00,-21.817970547016813,0.0
2025-09-16 12:49:00+00:00,61.357813627818615,0.0
2025-09-16 12:50:00+00:00,-75.68134321525619,0.0
2025-09-16 12:51:00+00:00,-19.868270715184593,0.0
2025-09-16 12:52:00+00:00,-17.857476088934803,0.0
2025-09-16 12:53:00+00:00,-85.02623716721338,0.0
2025-09-16 12:54:00+00:00,-56.54131624527658,0.0
2025-09-16 12:55:00+00:00,73.03892192808817,0.0
2025-09-16 12:56:00+00:00,-74.48549299294541,0.0
2025-09-16 12:57:00+00:00,-89.07090600530343,0.0
2025-09-16 12:58:00+00:00,86.01514949366816,0.0
2025-09-16 12:59:00+00:00,-86.6132249506113,0.0
2025-09-16 13:00:00+00:00,-90.91469925369957,0.0
2025-09-16 13:01:00+00:00,65.0782961959662,0.0
2025-09-16 13:02:00+00:00,-77.49523989545366,0.0
2025-09-16 13:03:00+00:00,-68.20518685186904,0.0
2025-09-16 13:04:00+00:00,-99.99698942883046,0.0
2025-09-16 13:05:00+00:00,70.67879079828799,0.0
2025-09-16 13:06:00+00:00,39.78108027259137,0.0
2025-09-16 13:07:00+00:00,30.44912637463929,0.0
2025-09-16 13:08:00+00:00,-54.52522170739116,0.0
2025-09-16 13:09:00+00:00,-20.284269844090403,0.0
2025-09-16 13:10:00+00:00,-57.452121065313186,0.0
2025-09-16 13:11:00+00:00,51.1770756815738,0.0
2025-09-16 13:12:00+00:00,-94.12440606690598,0.0
2025-09-16 13:13:00+00:00,-79.46415754881605,0.0
2025-09-16 13:14:00+00:00,76.25681777028427,0.0
2025-09-16 13:15:00+00:00,77.40775012764709,0.0
2025-09-16 13:16:00+00:00,76.23817027111903,0.0
2025-09-16 13:17:00+00:00,-26.045442317646675,0.0
2025-09-16 13:18:00+00:00,96.60962549719838,0.0
2025-09-16 13:19:00+00:00,-9.362792562962596,0.0
2025-09-16 13:20:00+00:00,-4.698290662144316,0.0
2025-09-16 13:21:00+00:00,-29.812774649559515,0.0
2025-09-16 13:22:00+00:00,61.27618508357432,0.0
2025-09-16 13:23:00+00:00,-96.57997025064047,0.0
2025-09-16 13:24:00+00:00,-92.45162700350487,0.0
2025-09-16 13:25:00+00:00,65.44270305199692,0.0
2025-09-16 13:26:00+00:00,61.14046059773432,0.0
2025-09-16 13:27:00+00:00,18.409470279736567,0.0
2025-09-16 13:28:00+00:00,90.39436393200526,0.0
2025-09-16 13:29:00+00:00,29.875509763987594,0.0
2025-09-16 13:30:00+00:00,-47.40872582412965,0.0
2025-09-16 13:31:00+00:00,87.58047441285052,0.0
2025-09-16 13:32:00+00:00,-13.935483093127331,0.0
2025-09-16 13:33:00+00:00,58.508783643375295,0.0
2025-09-16 13:34:00+00:00,-97.26261911207466,0.0
2025-09-16 13:35:00+00:00,-9.787474957643937,0.0
2025-09-16 13:36:00+00:00,-84.4146723277841,0.0
2025-09-16 13:37:00+00:00,51.87434821280726,0.0
2025-09-16 13:38:00+00:00,-89.87149419611589,0.0
2025-09-16 13:39:00+00:00,-72.123187583288,0.0
2025-09-16 13:40:00+00:00,-60.63172142470927,0.0
2025-09-16 13:41:00+00:00,21.226487721291875,0.0
2025-09-16 13:42:00+00:00,41.01904965141483,0.0
2025-09-16 13:43:00+00:00,-63.567098803980414,0.0
2025-09-16 13:44:00+00:00,-89.17205507807581,0.0
2025-09-16 13:45:00+00:00,4.684858394332963,0.0
2025-09-16 13:46:00+00:00,44.386601131122774,0.0
2025-09-16 13:47:00+00:00,25.003841446612185,0.0
2025-09-16 13:48:00+00:00,83.82906893092365,0.0
2025-09-16 13:49:00+00:00,16.111089346798508,0.0
2025-09-16 13:50:00+00:00,70.45173256239107,0.0
2025-09-16 13:51:00+00:00,93.59861018018742,0.0
2025-09-16 13:52:00+00:00,-88.17098692072531,0.0
2025-09-16 13:53:00+00:00,41.88721348684544,0.0
2025-09-16 13:54:00+00:00,83.1969749909986,0.0
2025-09-16 13:55:00+00:00,23.47228562740878,0.0
2025-09-16 13:56:00+00:00,40.72030895054709,0.0
2025-09-16 13:57:00+00:00,-44.04150941254299,0.0
2025-09-16 13:58:00+00:00,-30.543422256264734,0.0
2025-09-16 13:59:00+00:00,88.76560947570192,0.0
2025-09-16 14:00:00+00:00,41.71093771887578,0.0
2025-09-16 14:01:00+00:00,-76.10044233951675,0.0
2025-09-16 14:02:00+00:00,-89.89431962803243,0.0
2025-09-16 14:03:00+00:00,-99.70259543696014,0.0
2025-09-16 14:04:00+00:00,-32.80362583460152,0.0
2025-09-16 14:05:00+00:00,-93.86048202671131,0.0
2025-09-16 14:06:00+00:00,-49.03467924957678,0.0
2025-09-16 14:07:00+00:00,85.34065866933247,0.0
2025-09-16 14:08:00+00:00,26.7806987572404,0.0
2025-09-16 14:09:00+00:00,47.36190613118555,0.0
2025-09-16 14:10:00+00:00,-41.03551983501055,0.0
2025-09-16 14:11:00+00:00,-61.67272860675111,0.0
2025-09-16 14:12:00+00:00,-31.630122114851076,0.0
2025-09-16 14:13:00+00:00,-43.73803983156559,0.0
2025-09-16 14:14:00+00:00,10.54688537387949,0.0
2025-09-16 14:15:00+00:00,65.84072308882679,0.0
2025-09-16 14:16:00+00:00,72.52263896727766,0.0
2025-09-16 14:17:00+00:00,-30.177552155498887,0.0
2025-09-16 14:18:00+00:00,18.026278261345325,0.0
2025-09-16 14:19:00+00:00,18.369225180792156,0.0
2025-09-16 14:20:00+00:00,-37.89378403044641,0.0
2025-09-16 14:21:00+00:00,-72.95907231334323,0.0
2025-09-16 14:22:00+00:00,58.120022084537936,0.0
2025-09-16 14:23:00+00:00,63.50419157726208,0.0
2025-09-16 14:24:00+00:00,-87.00203103120963,0.0
2025-09-16 14:25:00+00:00,-41.965276179185615,0.0
2025-09-16 14:26:00+00:00,-72.53219293396907,0.0
2025-09-16 14:27:00+00:00,-53.50063065167225,0.0
2025-09-16 14:28:00+00:00,-30.96586218044915,0.0
2025-09-16 14:29:00+00:00,-96.41651641870985,0.0
2025-09-16 14:30:00+00:00,-97.4952381918831,0.0
2025-09-16 14:31:00+00:00,63.58944343961187,0.0
2025-09-16 14:32:00+00:00,2.8188266770744264,0.0
2025-09-16 14:33:00+00:00,-45.00236120727323,0.0
2025-09-16 14:34:00+00:00,-13.65739585234158,0.0
2025-09-16 14:35:00+00:00,33.80913698007177,0.0
2025-09-16 14:36:00+00:00,-92.37220733334715,0.0
2025-09-16 14:37:00+00:00,-10.36768001006368,0.0
2025-09-16 14:38:00+00:00,-18.002911575491325,0.0
2025-09-16 14:39:00+00:00,93.58898371565297,0.0
2025-09-16 14:40:00+00:00,-43.81861721001164,0.0
2025-09-16 14:41:00+00:00,-96.67102190669436,0.0
2025-09-16 14:42:00+00:00,-5.048012724139795,0.0
2025-09-16 14:43:00+00:00,-29.291263167788074,0.0
2025-09-16 14:44:00+00:00,8.057354222864504,0.0
2025-09-16 14:45:00+00:00,71.00775708003292,0.0
2025-09-16 14:46:00+00:00,94.73460294743509,0.0
2025-09-16 14:47:00+00:00,-38.08377009212016,0.0
2025-09-16 14:48:00+00:00,64.56101420806843,0.0
2025-09-16 14:49:00+00:00,41.38176976177911,0.0
2025-09-16 14:50:00+00:00,-48.69144702933714,0.0
2025-09-16 14:51:00+00:00,46.546175296429595,0.0
2025-09-16 14:52:00+00:00,65.65656216538306,0.0
2025-09-16 14:53:00+00:00,-12.616227186432141,0.0
2025-09-16 14:54:00+00:00,-77.48823754623359,0.0
2025-09-16 14:55:00+00:00,27.547527363781327,0.0
2025-09-16 14:56:00+00:00,-16.4233814890312,0.0
2025-09-16 14:57:00+00:00,-44.825717434187816,0.0
2025-09-16 14:58:00+00:00,-27.479343148000424,0.0
2025-09-16 14:59:00+00:00,-69.61654154150847,0.0
2025-09-16 15:00:00+00:00,-53.207221239688195,0.0
2025-09-16 15:01:00+00:00,28.08277239239726,0.0
2025-09-16 15:02:00+00:00,-98.66127582249314,0.0
2025-09-16 15:03:00+00:00,-83.74275626340687,0.0
2025-09-16 15:04:00+00:00,19.375564249570076,0.0
2025-09-16 15:05:00+00:00,7.746715700045257,0.0
2025-09-16 15:06:00+00:00,-67.829502008355,0.0
2025-09-16 15:07:00+00:00,6.514280713463293,0.0
2025-09-16 15:08:00+00:00,71.50366428870154,0.0
2025-09-16 15:09:00+00:00,-93.55732778190848,0.0
2025-09-16 15:10:00+00:00,84.19764669222312,0.0
2025-09-16 15:11:00+00:00,28.70500865857423,0.0
2025-09-16 15:12:00+00:00,-61.32009070742826,0.0
2025-09-16 15:13:00+00:00,-81.69152410664486,0.0
2025-09-16 15:14:00+00:00,0.8601909093632969,0.0
2025-09-16 15:15:00+00:00,-70.55214105590571,0.0
2025-09-16 15:16:00+00:00,13.110802918893768,0.0
2025-09-16 15:17:00+00:00,32.832839909338304,0.0
2025-09-16 15:18:00+00:00,-72.42481686221427,0.0
2025-09-16 15:19:00+00:00,49.42666590280359,0.0
2025-09-16 15:20:00+00:00,3.0368164085249276,0.0
2025-09-16 15:21:00+00:00,-70.97214249595439,0.0
2025-09-16 15:22:00+00:00,-82.88250204719843,0.0
2025-09-16 15:23:00+00:00,-20.74984330668886,0.0
2025-09-16 15:24:00+00:00,-34.57906319353809,0.0
2025-09-16 15:25:00+00:00,50.91946968407794,0.0
2025-09-16 15:26:00+00:00,-11.275700180219388,0.0
2025-09-16 15:27:00+00:00,-49.812042189913974,0.0
2025-09-16 15:28:00+00:00,83.11385038546732,0.0
2025-09-16 15:29:00+00:00,-79.24753453595466,0.0
2025-09-16 15:30:00+00:00,-19.55700520966832,0.0
2025-09-16 15:31:00+00:00,-46.852930154687165,0.0
2025-09-16 15:32:00+00:00,81.70308860652608,0.0
2025-09-16 15:33:00+00:00,81.04207273134469,0.0
2025-09-16 15:34:00+00:00,-40.184813028320086,0.0
2025-09-16 15:35:00+00:00,38.759998371156286,0.0
2025-09-16 15:36:00+00:00,95.72568736478019,0.0
2025-09-16 15:37:00+00:00,73.78698270597067,0.0
2025-09-16 15:38:00+00:00,-18.577833218021112,0.0
2025-09-16 15:39:00+00:00,65.69092331735868,0.0
2025-09-16 15:40:00+00:00,-98.65986492649598,0.0
2025-09-16 15:41:00+00:00,-6.083303201674667,0.0
2025-09-16 15:42:00+00:00,-43.55636316904019,0.0
2025-09-16 15:43:00+00:00,-30.941246378147795,0.0
2025-09-16 15:44:00+00:00,24.960839866108103,0.0
2025-09-16 15:45:00+00:00,-65.25562760202834,0.0
2025-09-16 15:46:00+00:00,97.65384811866653,0.0
2025-09-16 15:47:00+00:00,-92.55680945381033,0.0
2025-09-16 15:48:00+00:00,-85.58995626053651,0.0
2025-09-16 15:49:00+00:00,-50.576123376972106,0.0
2025-09-16 15:50:00+00:00,-24.50712000893577,0.0
2025-09-16 15:51:00+00:00,37.69828006028803,0.0
2025-09-16 15:52:00+00:00,-32.03177553914645,0.0
2025-09-16 15:53:00+00:00,5.956419774429136,0.0
2025-09-16 15:54:00+00:00,57.46999840556188,0.0
2025-09-16 15:55:00+00:00,-0.2559737350677551,0.0
2025-09-16 15:56:00+00:00,84.26266069034531,0.0
2025-09-16 15:57:00+00:00,-39.79977230296079,0.0
2025-09-16 15:58:00+00:00,7.9861881920137705,0.0
2025-09-16 15:59:00+00:00,-16.205221619577515,0.0
2025-09-16 16:00:00+00:00,15.344501551641443,0.0
2025-09-16 16:01:00+00:00,-75.1702124036504,0.0
2025-09-16 16:02:00+00:00,-97.33494314356841,0.0
2025-09-16 16:03:00+00:00,-57.829751494380766,0.0
2025-09-16 16:04:00+00:00,-19.411008866228357,0.0
2025-09-16 16:05:00+00:00,-94.98890420121022,0.0
2025-09-16 16:06:00+00:00,73.13351549921782,0.0
2025-09-16 16:07:00+00:00,15.509484745601185,0.0
2025-09-16 16:08:00+00:00,91.76506226372845,0.0
2025-09-16 16:09:00+00:00,35.23378723787437,0.0
2025-09-16 16:10:00+00:00,1.899578042894106,0.0
2025-09-16 16:11:00+00:00,47.40887061143704,0.0
2025-09-16 16:12:00+00:00,1.6398355387166106,0.0
2025-09-16 16:13:00+00:00,-33.919716686393954,0.0
2025-09-16 16:14:00+00:00,-10.994338449590217,0.0
2025-09-16 16:15:00+00:00,-83.73819537550978,0.0
2025-09-16 16:16:00+00:00,49.80068210896488,0.0
2025-09-16 16:17:00+00:00,6.898093288116883,0.0
2025-09-16 16:18:00+00:00,-67.19114865523954,0.0
2025-09-16 16:19:00+00:00,74.99789501523748,0.0
2025-09-16 16:20:00+00:00,-62.42030621393617,0.0
2025-09-16 16:21:00+00:00,-79.45541032337374,0.0
2025-09-16 16:22:00+00:00,95.84517734892185,0.0
2025-09-16 16:23:00+00:00,82.1435419988687,0.0
2025-09-16 16:24:00+00:00,-0.8029094911075276,0.0
2025-09-16 16:25:00+00:00,89.14831885119602,0.0
2025-09-16 16:26:00+00:00,93.85631686736286,0.0
2025-09-16 16:27:00+00:00,-81.22143481246628,0.0
2025-09-16 16:28:00+00:00,91.50201758182081,0.0
2025-09-16 16:29:00+00:00,-56.95011757964035,0.0
2025-09-16 16:30:00+00:00,-99.46669490518407,0.0
2025-09-16 16:31:00+00:00,27.33686792534276,0.0
2025-09-16 16:32:00+00:00,-37.18179517615947,0.0
2025-09-16 16:33:00+00:00,52.051965385194734,0.0
2025-09-16 16:34:00+00:00,-80.97264852185246,0.0
2025-09-16 16:35:00+00:00,-57.76668829798,0.0
2025-09-16 16:36:00+00:00,-26.443928383234663,0.0
2025-09-16 16:37:00+00:00,-19.629261023753045,0.0
2025-09-16 16:38:00+00:00,17.99585374904818,0.0
2025-09-16 16:39:00+00:00,78.15304877044079,0.0
2025-09-16 16:40:00+00:00,15.389336539221404,0.0
2025-09-16 16:41:00+00:00,18.017939455567827,0.0
2025-09-16 16:42:00+00:00,59.89009068618688,0.0
2025-09-16 16:43:00+00:00,9.420959265690271,0.0
2025-09-16 16:44:00+00:00,-85.53906184333519,0.0
2025-09-16 16:45:00+00:00,98.67975146939065,0.0
2025-09-16 16:46:00+00:00,67.40477674800556,0.0
2025-09-16 16:47:00+00:00,10.992117474773309,0.0
2025-09-16 16:48:00+00:00,-88.80504222509391,0.0
2025-09-16 16:49:00+00:00,81.4834717446949,0.0
2025-09-16 16:50:00+00:00,17.480212561790594,0.0
2025-09-16 16:51:00+00:00,-23.24604077067835,0.0
2025-09-16 16:52:00+00:00,-8.621658499763086,0.0
2025-09-16 16:53:00+00:00,65.71813896687553,0.0
2025-09-16 16:54:00+00:00,79.4637028761756,0.0
2025-09-16 16:55:00+00:00,-84.83762784297654,0.0
2025-09-16 16:56:00+00:00,71.40021535496305,0.0
2025-09-16 16:57:00+00:00,-48.483489629711116,0.0
2025-09-16 16:58:00+00:00,71.18349004060667,0.0
2025-09-16 16:59:00+00:00,-64.50709600564088,0.0
2025-09-16 17:00:00+00:00,67.67968696899334,0.0
2025-09-16 17:01:00+00:00,-26.634317031356318,0.0
2025-09-16 17:02:00+00:00,-8.05005722527477,0.0
2025-09-16 17:03:00+00:00,6.182371097607486,0.0
2025-09-16 17:04:00+00:00,62.131310361073076,0.0
2025-09-16 17:05:00+00:00,99.0676331272303,0.0
2025-09-16 17:06:00+00:00,-51.49596019489149,0.0
2025-09-16 17:07:00+00:00,-3.9699756928374086,0.0
2025-09-16 17:08:00+00:00,52.808166350720825,0.0
2025-09-16 17:09:00+00:00,-37.44862639873547,0.0
2025-09-16 17:10:00+00:00,33.30947307346548,0.0
2025-09-16 17:11:00+00:00,-24.712250103883832,0.0
2025-09-16 17:12:00+00:00,96.02800419366949,0.0
2025-09-16 17:13:00+00:00,-21.919350201890353,0.0
2025-09-16 17:14:00+00:00,-45.102493499593606,0.0
2025-09-16 17:15:00+00:00,-54.99650857150951,0.0
2025-09-16 17:16:00+00:00,-3.425334761710161,0.0
2025-09-16 17:17:00+00:00,-36.23993048879379,0.0
2025-09-16 17:18:00+00:00,-79.16756226378982,0.0
2025-09-16 17:19:00+00:00,-88.88850776220514,0.0
2025-09-16 17:20:00+00:00,-71.7746466352128,0.0
2025-09-16 17:21:00+00:00,-21.058252184254016,0.0
2025-09-16 17:22:00+00:00,-4.035802122619799,0.0
2025-09-16 17:23:00+00:00,-10.238882188197906,0.0
2025-09-16 17:24:00+00:00,-24.736708119428698,0.0
2025-09-16 17:25:00+00:00,52.63730436594386,0.0
2025-09-16 17:26:00+00:00,38.17539936254022,0.0
2025-09-16 17:27:00+00:00,-29.327721535881253,0.0
2025-09-16 17:28:00+00:00,-52.45822955783757,0.0
2025-09-16 17:29:00+00:00,-8.103172564912,0.0
2025-09-16 17:30:00+00:00,-40.075673306852245,0.0
2025-09-16 17:31:00+00:00,37.09296753240679,0.0
2025-09-16 17:32:00+00:00,27.713302732948478,0.0
2025-09-16 17:33:00+00:00,32.033852568841894,0.0
2025-09-16 17:34:00+00:00,50.10368603195573,0.0
2025-09-16 17:35:00+00:00,88.92798308350189,0.0
2025-09-16 17:36:00+00:00,46.47202850134832,0.0
2025-09-16 17:37:00+00:00,-68.4680986505586,0.0
2025-09-16 17:38:00+00:00,69.69788695653924,0.0
2025-09-16 17:39:00+00:00,11.236830105083428,0.0
2025-09-16 17:40:00+00:00,-65.09099865761138,0.0
2025-09-16 17:41:00+00:00,-90.55139017781819,0.0
2025-09-16 17:42:00+00:00,-5.219717604642909,0.0
2025-09-16 17:43:00+00:00,-23.024818677879892,0.0
2025-09-16 17:44:00+00:00,-24.488828404497823,0.0
2025-09-16 17:45:00+00:00,-1.9803305478843072,0.0
2025-09-16 17:46:00+00:00,16.279190284610962,0.0
2025-09-16 17:47:00+00:00,9.45448058222496,0.0
2025-09-16 17:48:00+00:00,-38.11231564093707,0.0
2025-09-16 17:49:00+00:00,9.600045235063234,0.0
2025-09-16 17:50:00+00:00,6.066863881341206,0.0
2025-09-16 17:51:00+00:00,6.8767480901972675,0.0
2025-09-16 17:52:00+00:00,-97.79445138802079,0.0
2025-09-16 17:53:00+00:00,-93.21244395372032,0.0
2025-09-16 17:54:00+00:00,24.070841004917938,0.0
2025-09-16 17:55:00+00:00,-39.26596283967243,0.0
2025-09-16 17:56:00+00:00,83.2257359589467,0.0
2025-09-16 17:57:00+00:00,52.70994435062542,0.0
2025-09-16 17:58:00+00:00,24.97261122206909,0.0
2025-09-16 17:59:00+00:00,-56.68910526784359,0.0
2025-09-16 18:00:00+00:00,-63.49782784187457,0.0
2025-09-16 18:01:00+00:00,-17.912060275934166,0.0
2025-09-16 18:02:00+00:00,-86.95307485987615,0.0
2025-09-16 18:03:00+00:00,-46.552501254536715,0.0
2025-09-16 18:04:00+00:00,-52.32929925166725,0.0
2025-09-16 18:05:00+00:00,51.45848109289673,0.0
2025-09-16 18:06:00+00:00,-8.186019282759062,0.0
2025-09-16 18:07:00+00:00,-86.70046851252577,0.0
2025-09-16 18:08:00+00:00,-66.51898750998683,0.0
2025-09-16 18:09:00+00:00,58.17221742842332,0.0
2025-09-16 18:10:00+00:00,66.62131922468487,0.0
2025-09-16 18:11:00+00:00,56.03212008690994,0.0
2025-09-16 18:12:00+00:00,22.39519439558684,0.0
2025-09-16 18:13:00+00:00,-83.97995048685401,0.0
2025-09-16 18:14:00+00:00,-96.75242082614129,0.0
2025-09-16 18:15:00+00:00,98.69164413965683,0.0
2025-09-16 18:16:00+00:00,63.155575731091716,0.0
2025-09-16 18:17:00+00:00,26.19801519015634,0.0
2025-09-16 18:18:00+00:00,-17.774881898714412,0.0
2025-09-16 18:19:00+00:00,-2.1415995230294413,0.0
2025-09-16 18:20:00+00:00,36.26141665476706,0.0
2025-09-16 18:21:00+00:00,27.229716726947828,0.0
2025-09-16 18:22:00+00:00,92.95102371842697,0.0
2025-09-16 18:23:00+00:00,-19.956440018355195,0.0
2025-09-16 18:24:00+00:00,16.02395112233009,0.0
2025-09-16 18:25:00+00:00,-91.85288332562153,0.0
2025-09-16 18:26:00+00:00,-58.03084011061617,0.0
2025-09-16 18:27:00+00:00,-75.88240834554884,0.0
2025-09-16 18:28:00+00:00,18.81894973840099,0.0
2025-09-16 18:29:00+00:00,56.90007980805106,0.0
2025-09-16 18:30:00+00:00,-73.64414813001781,0.0
2025-09-16 18:31:00+00:00,-36.13130734194914,0.0
2025-09-16 18:32:00+00:00,53.305059105039874,0.0
2025-09-16 18:33:00+00:00,18.693082880283512,0.0
2025-09-16 18:34:00+00:00,-99.64150669922715,0.0
2025-09-16 18:35:00+00:00,-55.50857083949177,0.0
2025-09-16 18:36:00+00:00,35.33069922210879,0.0
2025-09-16 18:37:00+00:00,-89.27793990089938,0.0
2025-09-16 18:38:00+00:00,56.75890915702533,0.0
2025-09-16 18:39:00+00:00,-77.41192605227154,0.0
2025-09-16 18:40:00+00:00,-76.63228739518374,0.0
2025-09-16 18:41:00+00:00,26.50975667903846,0.0
2025-09-16 18:42:00+00:00,15.004920974560008,0.0
2025-09-16 18:43:00+00:00,-13.373480716052754,0.0
2025-09-16 18:44:00+00:00,88.85510609831036,0.0
2025-09-16 18:45:00+00:00,-16.1666220111141,0.0
2025-09-16 18:46:00+00:00,-55.20790596132918,0.0
2025-09-16 18:47:00+00:00,-71.27904391102398,0.0
2025-09-16 18:48:00+00:00,17.594840379278438,0.0
2025-09-16 18:49:00+00:00,32.881214335577624,0.0
2025-09-16 18:50:00+00:00,96.99943138843764,0.0
2025-09-16 18:51:00+00:00,-98.85137744551153,0.0
2025-09-16 18:52:00+00:00,-13.129149235309214,0.0
2025-09-16 18:53:00+00:00,-57.855588583038674,0.0
2025-09-16 18:54:00+00:00,38.27940071203969,0.0
2025-09-16 18:55:00+00:00,-49.05605577328629,0.0
2025-09-16 18:56:00+00:00,-87.85526442335664,0.0
2025-09-16 18:57:00+00:00,-35.97186037765479,0.0
2025-09-16 18:58:00+00:00,83.62974765571357,0.0
2025-09-16 18:59:00+00:00,-49.68346786394806,0.0
2025-09-16 19:00:00+00:00,-30.34242549035666,0.0
2025-09-16 19:01:00+00:00,91.7317133071671,0.0
2025-09-16 19:02:00+00:00,-96.7234716223766,0.0
2025-09-16 19:03:00+00:00,79.4387618551554,0.0
2025-09-16 19:04:00+00:00,-68.15622383128807,0.0
2025-09-16 19:05:00+00:00,-85.45469323147559,0.0
2025-09-16 19:06:00+00:00,-87.10828026728463,0.0
2025-09-16 19:07:00+00:00,56.6939700391363,0.0
2025-09-16 19:08:00+00:00,-46.483039803921436,0.0
2025-09-16 19:09:00+00:00,-42.461211702075396,0.0
2025-09-16 19:10:00+00:00,18.088478799265005,0.0
2025-09-16 19:11:00+00:00,65.74513068611546,0.0
2025-09-16 19:12:00+00:00,96.2966722719658,0.0
2025-09-16 19:13:00+00:00,-29.812877626719597,0.0
2025-09-16 19:14:00+00:00,85.11690317505122,0.0
2025-09-16 19:15:00+00:00,24.882659290751434,0.0
2025-09-16 19:16:00+00:00,-79.28102417140386,0.0
2025-09-16 19:17:00+00:00,-74.22971416161218,0.0
2025-09-16 19:18:00+00:00,-54.20458541475017,0.0
2025-09-16 19:19:00+00:00,19.59736133189041,0.0
2025-09-16 19:20:00+00:00,-71.0839004851639,0.0
2025-09-16 19:21:00+00:00,-79.81930897815857,0.0
2025-09-16 19:22:00+00:00,-93.80926633659065,0.0
2025-09-16 19:23:00+00:00,-89.14936434534778,0.0
2025-09-16 19:24:00+00:00,52.53232695419712,0.0
2025-09-16 19:25:00+00:00,-84.27681678089276,0.0
2025-09-16 19:26:00+00:00,-0.6274979351702683,0.0
2025-09-16 19:27:00+00:00,1.7678049383065684,0.0
2025-09-16 19:28:00+00:00,-21.086390057870915,0.0
2025-09-16 19:29:00+00:00,75.04554381269472,0.0
2025-09-16 19:30:00+00:00,29.309021623929482,0.0
2025-09-16 19:31:00+00:00,0.678998814907743,0.0
2025-09-16 19:32:00+00:00,-58.57485429756808,0.0
2025-09-16 19:33:00+00:00,82.0412137502856,0.0
2025-09-16 19:34:00+00:00,-27.617470271325402,0.0
2025-09-16 19:35:00+00:00,-94.78188716796667,0.0
2025-09-16 19:36:00+00:00,39.888517554582535,0.0
2025-09-16 19:37:00+00:00,-76.32916611447887,0.0
2025-09-16 19:38:00+00:00,18.135989551758726,0.0
2025-09-16 19:39:00+00:00,-88.05096850978637,0.0
2025-09-16 19:40:00+00:00,-45.55065896375381,0.0
2025-09-16 19:41:00+00:00,87.46862888853414,0.0
2025-09-16 19:42:00+00:00,-71.04584536503353,0.0
2025-09-16 19:43:00+00:00,-85.65159761915,0.0
2025-09-16 19:44:00+00:00,38.2637181001121,0.0
2025-09-16 19:45:00+00:00,-0.2690259237932935,0.0
2025-09-16 19:46:00+00:00,46.25907649122604,0.0
2025-09-16 19:47:00+00:00,11.09758531539245,0.0
2025-09-16 19:48:00+00:00,-93.1049653874565,0.0
2025-09-16 19:49:00+00:00,84.79680609001053,0.0
2025-09-16 19:50:00+00:00,-11.924256686159907,0.0
2025-09-16 19:51:00+00:00,18.972005969940525,0.0
2025-09-16 19:52:00+00:00,-91.19563044160155,0.0
2025-09-16 19:53:00+00:00,87.97911012137703,0.0
2025-09-16 19:54:00+00:00,61.97660325861332,0.0
2025-09-16 19:55:00+00:00,2.853243925654155,0.0
2025-09-16 19:56:00+00:00,-93.47757168134245,0.0
2025-09-16 19:57:00+00:00,-40.12273632612471,0.0
2025-09-16 19:58:00+00:00,-74.89369520034404,0.0
2025-09-16 19:59:00+00:00,-37.591248121557896,0.0
2025-09-16 20:00:00+00:00,49.769026646191264,0.0
2025-09-16 20:01:00+00:00,51.50083210944919,0.0
2025-09-16 20:02:00+00:00,83.15138312857215,0.0
2025-09-16 20:03:00+00:00,-90.42395626625226,0.0
2025-09-16 20:04:00+00:00,29.347141353246116,0.0
2025-09-16 20:05:00+00:00,69.15708273343023,0.0
2025-09-16 20:06:00+00:00,-92.69822570787429,0.0
2025-09-16 20:07:00+00:00,-21.10844849271065,0.0
2025-09-16 20:08:00+00:00,-62.00052101269409,0.0
2025-09-16 20:09:00+00:00,-52.29422347635138,0.0
2025-09-16 20:10:00+00:00,55.695799035055586,0.0
2025-09-16 20:11:00+00:00,70.05783243866344,0.0
2025-09-16 20:12:00+00:00,-89.83387166830875,0.0
2025-09-16 20:13:00+00:00,58.93863724307849,0.0
2025-09-16 20:14:00+00:00,76.89456676884146,0.0
2025-09-16 20:15:00+00:00,92.13457151170002,0.0
2025-09-16 20:16:00+00:00,-75.61788778876073,0.0
2025-09-16 20:17:00+00:00,-25.452157812585014,0.0
2025-09-16 20:18:00+00:00,-75.95185189277814,0.0
2025-09-16 20:19:00+00:00,-1.0460908798722812,0.0
2025-09-16 20:20:00+00:00,-6.685371738853306,0.0
2025-09-16 20:21:00+00:00,42.32505701008145,0.0
2025-09-16 20:22:00+00:00,-95.3593463172601,0.0
2025-09-16 20:23:00+00:00,57.057368720809876,0.0
2025-09-16 20:24:00+00:00,5.030673614098191,0.0
2025-09-16 20:25:00+00:00,77.70964957722273,0.0
2025-09-16 20:26:00+00:00,30.068182344861356,0.0
2025-09-16 20:27:00+00:00,-45.180635737840234,0.0
2025-09-16 20:28:00+00:00,-10.580035742478302,0.0
2025-09-16 20:29:00+00:00,-22.690690308917127,0.0
2025-09-16 20:30:00+00:00,55.74099905636706,0.0
2025-09-16 20:31:00+00:00,94.14522457714398,0.0
2025-09-16 20:32:00+00:00,-48.90126011601546,0.0
2025-09-16 20:33:00+00:00,17.03525271361994,0.0
2025-09-16 20:34:00+00:00,-77.44956896602059,0.0
2025-09-16 20:35:00+00:00,-43.1900639661561,0.0
2025-09-16 20:36:00+00:00,52.91373161808576,0.0
2025-09-16 20:37:00+00:00,22.5479466690135,0.0
2025-09-16 20:38:00+00:00,48.441734459964664,0.0
2025-09-16 20:39:00+00:00,-27.104512876548625,0.0
2025-09-16 20:40:00+00:00,14.612979805736444,0.0
2025-09-16 20:41:00+00:00,-52.435390562675366,0.0
2025-09-16 20:42:00+00:00,10.938899740755346,0.0
2025-09-16 20:43:00+00:00,43.93828990381135,0.0
2025-09-16 20:44:00+00:00,-86.13419573216967,0.0
2025-09-16 20:45:00+00:00,-70.69292435266881,0.0
2025-09-16 20:46:00+00:00,57.684333386788126,0.0
2025-09-16 20:47:00+00:00,40.88913492320532,0.0
2025-09-16 20:48:00+00:00,-23.410275454435393,0.0
2025-09-16 20:49:00+00:00,-40.36494893080289,0.0
2025-09-16 20:50:00+00:00,47.00682239370232,0.0
2025-09-16 20:51:00+00:00,18.304398895704253,0.0
2025-09-16 20:52:00+00:00,96.06414287576996,0.0
2025-09-16 20:53:00+00:00,-65.68757400778884,0.0
2025-09-16 20:54:00+00:00,33.38211681458401,0.0
2025-09-16 20:55:00+00:00,-60.492495329052296,0.0
2025-09-16 20:56:00+00:00,-21.72129166677459,0.0
2025-09-16 20:57:00+00:00,9.440380591700475,0.0
2025-09-16 20:58:00+00:00,-92.73004020779503,0.0
2025-09-16 20:59:00+00:00,76.13956889074916,0.0
2025-09-16 21:00:00+00:00,56.800152810767486,0.0
2025-09-16 21:01:00+00:00,60.44990940258333,0.0
2025-09-16 21:02:00+00:00,52.2667834384373,0.0
2025-09-16 21:03:00+00:00,-6.995342420746908,0.0
2025-09-16 21:04:00+00:00,30.256734793271278,0.0
2025-09-16 21:05:00+00:00,-53.90851410326374,0.0
2025-09-16 21:06:00+00:00,-27.272127995810777,0.0
2025-09-16 21:07:00+00:00,-36.88269400485955,0.0
2025-09-16 21:08:00+00:00,52.38325166230027,0.0
2025-09-16 21:09:00+00:00,-9.831258816670598,0.0
2025-09-16 21:10:00+00:00,76.01366059867883,0.0
2025-09-16 21:11:00+00:00,97.57437718031034,0.0
2025-09-16 21:12:00+00:00,95.82281460172447,0.0
2025-09-16 21:13:00+00:00,37.5041993754632,0.0
2025-09-16 21:14:00+00:00,-42.25375576423542,0.0
2025-09-16 21:15:00+00:00,-21.7631691206295,0.0
2025-09-16 21:16:00+00:00,13.19379546769656,0.0
2025-09-16 21:17:00+00:00,27.709661696298866,0.0
2025-09-16 21:18:00+00:00,-8.912929563032847,0.0
2025-09-16 21:19:00+00:00,-88.56107061268438,0.0
2025-09-16 21:20:00+00:00,-45.61687067131561,0.0
2025-09-16 21:21:00+00:00,-36.97421581322455,0.0
2025-09-16 21:22:00+00:00,35.93650604978998,0.0
2025-09-16 21:23:00+00:00,-22.98755735455464,0.0
2025-09-16 21:24:00+00:00,-51.69356219720538,0.0
2025-09-16 21:25:00+00:00,85.74803735780534,0.0
2025-09-16 21:26:00+00:00,-86.02563967113012,0.0
2025-09-16 21:27:00+00:00,5.295956149161412,0.0
2025-09-16 21:28:00+00:00,-22.112092252691212,0.0
2025-09-16 21:29:00+00:00,65.89036145248613,0.0
2025-09-16 21:30:00+00:00,-46.635871697619066,0.0
2025-09-16 21:31:00+00:00,55.803366047728076,0.0
2025-09-16 21:32:00+00:00,58.55743050902288,0.0
2025-09-16 21:33:00+00:00,36.33761908079964,0.0
2025-09-16 21:34:00+00:00,99.39875634937016,0.0
2025-09-16 21:35:00+00:00,-66.9778492295998,0.0
2025-09-16 21:36:00+00:00,82.57814542970397,0.0
2025-09-16 21:37:00+00:00,17.767428470000098,0.0
2025-09-16 21:38:00+00:00,14.238858941632287,0.0
2025-09-16 21:39:00+00:00,0.9220095396674992,0.0
2025-09-16 21:40:00+00:00,46.17564086410343,0.0
2025-09-16 21:41:00+00:00,-71.29842615617113,0.0
2025-09-16 21:42:00+00:00,35.80028943707475,0.0
2025-09-16 21:43:00+00:00,-94.84871100207512,0.0
2025-09-16 21:44:00+00:00,-96.29457954394319,0.0
2025-09-16 21:45:00+00:00,-20.289089852771426,0.0
2025-09-16 21:46:00+00:00,-14.222793047401439,0.0
2025-09-16 21:47:00+00:00,-92.76901282076429,0.0
2025-09-16 21:48:00+00:00,-30.19190621761784,0.0
2025-09-16 21:49:00+00:00,-48.241015344160296,0.0
2025-09-16 21:50:00+00:00,25.39882819834733,0.0
2025-09-16 21:51:00+00:00,-71.40488622839186,0.0
2025-09-16 21:52:00+00:00,60.553331013749926,0.0
2025-09-16 21:53:00+00:00,-89.43411445976422,0.0
2025-09-16 21:54:00+00:00,-55.594085463748286,0.0
2025-09-16 21:55:00+00:00,69.30706212035821,0.0
2025-09-16 21:56:00+00:00,-90.49264057546982,0.0
2025-09-16 21:57:00+00:00,87.98322896149742,0.0
2025-09-16 21:58:00+00:00,-26.239909858295277,0.0
2025-09-16 21:59:00+00:00,63.74712420805679,0.0
2025-09-16 22:00:00+00:00,62.2981806917812,0.0
2025-09-16 22:01:00+00:00,-84.27634967088946,0.0
2025-09-16 22:02:00+00:00,73.96781540283982,0.0
2025-09-16 22:03:00+00:00,97.59983497280078,0.0
2025-09-16 22:04:00+00:00,-39.94426932816655,0.0
2025-09-16 22:05:00+00:00,14.10365843841052,0.0
2025-09-16 22:06:00+00:00,-76.12747154483819,0.0
2025-09-16 22:07:00+00:00,-41.40816339856297,0.0
2025-09-16 22:08:00+00:00,72.6006809509972,0.0
2025-09-16 22:09:00+00:00,21.3715677257196,0.0
2025-09-16 22:10:00+00:00,65.65814236514734,0.0
2025-09-16 22:11:00+00:00,50.0894436466433,0.0
2025-09-16 22:12:00+00:00,-47.73003835162368,0.0
2025-09-16 22:13:00+00:00,51.659172482832986,0.0
2025-09-16 22:14:00+00:00,41.210325432769224,0.0
2025-09-16 22:15:00+00:00,-55.97029682556782,0.0
2025-09-16 22:16:00+00:00,69.95448089402683,0.0
2025-09-16 22:17:00+00:00,-40.83980769683424,0.0
2025-09-16 22:18:00+00:00,-68.5971069577663,0.0
2025-09-16 22:19:00+00:00,-40.819491708858905,0.0
2025-09-16 22:20:00+00:00,48.970405155626224,0.0
2025-09-16 22:21:00+00:00,89.26645687800624,0.0
2025-09-16 22:22:00+00:00,-93.3604321706095,0.0
2025-09-16 22:23:00+00:00,96.89490266323085,0.0
2025-09-16 22:24:00+00:00,71.33066155421966,0.0
2025-09-16 22:25:00+00:00,69.51649425095425,0.0
2025-09-16 22:26:00+00:00,-23.880247329572768,0.0
2025-09-16 22:27:00+00:00,96.10459572806192,0.0
2025-09-16 22:28:00+00:00,35.228885448287485,0.0
2025-09-16 22:29:00+00:00,-77.3685178795394,0.0
2025-09-16 22:30:00+00:00,94.14058527824437,0.0
2025-09-16 22:31:00+00:00,-63.602116973221825,0.0
2025-09-16 22:32:00+00:00,-37.48374082146759,0.0
2025-09-16 22:33:00+00:00,10.56539546228963,0.0
2025-09-16 22:34:00+00:00,91.70187291809904,0.0
2025-09-16 22:35:00+00:00,59.33983737752598,0.0
2025-09-16 22:36:00+00:00,-46.66906834273179,0.0
2025-09-16 22:37:00+00:00,-23.8555707176737,0.0
2025-09-16 22:38:00+00:00,-17.11389080160602,0.0
2025-09-16 22:39:00+00:00,80.71114209563973,0.0
2025-09-16 22:40:00+00:00,-72.73116573155377,0.0
2025-09-16 22:41:00+00:00,12.395395480680136,0.0
2025-09-16 22:42:00+00:00,6.85116198672695,0.0
2025-09-16 22:43:00+00:00,47.25563803981288,0.0
2025-09-16 22:44:00+00:00,-46.424621429941304,0.0
2025-09-16 22:45:00+00:00,-32.50856967742304,0.0
2025-09-16 22:46:00+00:00,-93.26200683491146,0.0
2025-09-16 22:47:00+00:00,-47.678942210405474,0.0
2025-09-16 22:48:00+00:00,-40.52584287345877,0.0
2025-09-16 22:49:00+00:00,-5.243656243435211,0.0
2025-09-16 22:50:00+00:00,-96.94377618841796,0.0
2025-09-16 22:51:00+00:00,-69.33681230511313,0.0
2025-09-16 22:52:00+00:00,2.4318802252679745,0.0
2025-09-16 22:53:00+00:00,15.72641875560592,0.0
2025-09-16 22:54:00+00:00,15.810648996499978,0.0
2025-09-16 22:55:00+00:00,59.96376492956813,0.0
2025-09-16 22:56:00+00:00,-59.55664014937292,0.0
2025-09-16 22:57:00+00:00,8.299278326154337,0.0
2025-09-16 22:58:00+00:00,-70.1613641251343,0.0
2025-09-16 22:59:00+00:00,42.15106606530097,0.0
2025-09-16 23:00:00+00:00,49.90979495729425,0.0
2025-09-16 23:01:00+00:00,-93.96045272538944,0.0
2025-09-16 23:02:00+00:00,-31.487310177959515,0.0
2025-09-16 23:03:00+00:00,-21.4095441858087,0.0
2025-09-16 23:04:00+00:00,64.34814585171168,0.0
2025-09-16 23:05:00+00:00,49.97066480471972,0.0
2025-09-16 23:06:00+00:00,16.083084675861656,0.0
2025-09-16 23:07:00+00:00,-36.89746652402026,0.0
2025-09-16 23:08:00+00:00,2.748693863409855,0.0
2025-09-16 23:09:00+00:00,30.759995136376233,0.0
2025-09-16 23:10:00+00:00,80.26065091572286,0.0
2025-09-16 23:11:00+00:00,-78.45280196932606,0.0
2025-09-16 23:12:00+00:00,25.942292921985327,0.0
2025-09-16 23:13:00+00:00,-84.41916028492902,0.0
2025-09-16 23:14:00+00:00,-46.03916041588545,0.0
2025-09-16 23:15:00+00:00,-97.6257997614203,0.0
2025-09-16 23:16:00+00:00,88.30286280712133,0.0
2025-09-16 23:17:00+00:00,20.341282620858863,0.0
2025-09-16 23:18:00+00:00,-8.828655661786257,0.0
2025-09-16 23:19:00+00:00,-1.1657654043782486,0.0
2025-09-16 23:20:00+00:00,-67.53840627186236,0.0
2025-09-16 23:21:00+00:00,72.83180017754282,0.0
2025-09-16 23:22:00+00:00,96.23098339650059,0.0
2025-09-16 23:23:00+00:00,-99.03973798689553,0.0
2025-09-16 23:24:00+00:00,-74.35254658321648,0.0
2025-09-16 23:25:00+00:00,-7.552323049845569,0.0
2025-09-16 23:26:00+00:00,93.67754750394732,0.0
2025-09-16 23:27:00+00:00,-22.26580413884298,0.0
2025-09-16 23:28:00+00:00,-51.131549630647235,0.0
2025-09-16 23:29:00+00:00,-38.84716764054272,0.0
2025-09-16 23:30:00+00:00,-53.446220867224035,0.0
2025-09-16 23:31:00+00:00,-46.551839770784056,0.0
2025-09-16 23:32:00+00:00,36.62856044896566,0.0
2025-09-16 23:33:00+00:00,50.91208539660266,0.0
2025-09-16 23:34:00+00:00,10.626794501341124,0.0
2025-09-16 23:35:00+00:00,46.817668729557624,0.0
2025-09-16 23:36:00+00:00,4.7342402297216495,0.0
2025-09-16 23:37:00+00:00,81.99935857938604,0.0
2025-09-16 23:38:00+00:00,60.86910894442141,0.0
2025-09-16 23:39:00+00:00,-43.243533921403454,0.0
2025-09-16 23:40:00+00:00,-45.56283849273013,0.0
2025-09-16 23:41:00+00:00,1.9312714747456283,0.0
2025-09-16 23:42:00+00:00,4.866490412549979,0.0
2025-09-16 23:43:00+00:00,-19.742647501071247,0.0
2025-09-16 23:44:00+00:00,55.18865564997503,0.0
2025-09-16 23:45:00+00:00,29.87638643644769,0.0
2025-09-16 23:46:00+00:00,-1.6052579701904222,0.0
2025-09-16 23:47:00+00:00,-76.83304607110895,0.0
2025-09-16 23:48:00+00:00,-55.23960517422588,0.0
2025-09-16 23:49:00+00:00,30.90867839817645,0.0
2025-09-16 23:50:00+00:00,-56.83475924901526,0.0
2025-09-16 23:51:00+00:00,71.769591278474,0.0
2025-09-16 23:52:00+00:00,-5.776795493891697,0.0
2025-09-16 23:53:00+00:00,-35.452525409155385,0.0
2025-09-16 23:54:00+00:00,60.10204970716998,0.0
2025-09-16 23:55:00+00:00,-13.34699322721626,0.0
2025-09-16 23:56:00+00:00,50.04409630330531,0.0
2025-09-16 23:57:00+00:00,-82.11265490380357,0.0
2025-09-16 23:58:00+00:00,-40.69658754290095,0.0
2025-09-16 23:59:00+00:00,13.212069929378359,0.0
2025-09-17 00:00:00+00:00,-94.0324746259109,0.0
2025-09-17 00:01:00+00:00,72.24850186302382,0.0
2025-09-17 00:02:00+00:00,77.58617726218057,0.0
2025-09-17 00:03:00+00:00,-35.64533000140193,0.0
2025-09-17 00:04:00+00:00,-56.79980502145439,0.0
2025-09-17 00:05:00+00:00,-46.62763022847918,0.0
2025-09-17 00:06:00+00:00,13.523942232309437,0.0
2025-09-17 00:07:00+00:00,-81.65546791228098,0.0
2025-09-17 00:08:00+00:00,-36.85620623901951,0.0
2025-09-17 00:09:00+00:00,-54.263661885526446,0.0
2025-09-17 00:10:00+00:00,51.685592301051855,0.0
2025-09-17 00:11:00+00:00,61.92373073961261,0.0
2025-09-17 00:12:00+00:00,12.512881170043883,0.0
2025-09-17 00:13:00+00:00,-44.84857428788656,0.0
2025-09-17 00:14:00+00:00,11.642366911349768,0.0
2025-09-17 00:15:00+00:00,-60.739795683919255,0.0
2025-09-17 00:16:00+00:00,79.82181727861558,0.0
2025-09-17 00:17:00+00:00,39.66967965017318,0.0
2025-09-17 00:18:00+00:00,-87.63795351763653,0.0
2025-09-17 00:19:00+00:00,23.005220582492214,0.0
2025-09-17 00:20:00+00:00,-56.558235612945595,0.0
2025-09-17 00:21:00+00:00,-37.04404269084858,0.0
2025-09-17 00:22:00+00:00,-15.271810615571255,0.0
2025-09-17 00:23:00+00:00,-99.30788702055442,0.0
2025-09-17 00:24:00+00:00,-99.91822638524191,0.0
2025-09-17 00:25:00+00:00,33.89082172610969,0.0
2025-09-17 00:26:00+00:00,-37.4474949767825,0.0
2025-09-17 00:27:00+00:00,-75.10317951508114,0.0
2025-09-17 00:28:00+00:00,92.65535074666374,0.0
2025-09-17 00:29:00+00:00,45.40437468626314,0.0
2025-09-17 00:30:00+00:00,-38.5232431120899,0.0
2025-09-17 00:31:00+00:00,-43.86147134702716,0.0
2025-09-17 00:32:00+00:00,-70.12169400321426,0.0
2025-09-17 00:33:00+00:00,86.81919646699058,0.0
2025-09-17 00:34:00+00:00,-61.66527202342023,0.0
2025-09-17 00:35:00+00:00,-48.630581519365855,0.0
2025-09-17 00:36:00+00:00,56.105045236971705,0.0
2025-09-17 00:37:00+00:00,-19.88424550737811,0.0
2025-09-17 00:38:00+00:00,77.71912496189304,0.0
2025-09-17 00:39:00+00:00,-76.05200770503473,0.0
2025-09-17 00:40:00+00:00,63.85580917766353,0.0
2025-09-17 00:41:00+00:00,-32.36412855029229,0.0
2025-09-17 00:42:00+00:00,-82.35680325648092,0.0
2025-09-17 00:43:00+00:00,99.79348542732535,0.0
2025-09-17 00:44:00+00:00,3.026219114732527,0.0
2025-09-17 00:45:00+00:00,62.64151846967428,0.0
2025-09-17 00:46:00+00:00,-52.3387794746947,0.0
2025-09-17 00:47:00+00:00,-47.04326244773001,0.0
2025-09-17 00:48:00+00:00,10.145548199685265,0.0
2025-09-17 00:49:00+00:00,7.5878914709236085,0.0
2025-09-17 00:50:00+00:00,-12.471814101794138,0.0
2025-09-17 00:51:00+00:00,-81.04777628551332,0.0
2025-09-17 00:52:00+00:00,61.42502999100972,0.0
2025-09-17 00:53:00+00:00,-52.27836143589344,0.0
2025-09-17 00:54:00+00:00,44.65528487100707,0.0
2025-09-17 00:55:00+00:00,-26.47515103534907,0.0
2025-09-17 00:56:00+00:00,24.772531426252556,0.0
2025-09-17 00:57:00+00:00,-51.72798772723874,0.0
2025-09-17 00:58:00+00:00,86.24585656052128,0.0
2025-09-17 00:59:00+00:00,-13.178152753977798,0.0
2025-09-17 01:00:00+00:00,-34.2653167040575,0.0
2025-09-17 01:01:00+00:00,84.49905244588149,0.0
2025-09-17 01:02:00+00:00,-34.69764796617518,0.0
2025-09-17 01:03:00+00:00,-19.384329597304244,0.0
2025-09-17 01:04:00+00:00,-40.70260156949148,0.0
2025-09-17 01:05:00+00:00,-89.17417659230912,0.0
2025-09-17 01:06:00+00:00,17.424312403808372,0.0
2025-09-17 01:07:00+00:00,-88.39005067645249,0.0
2025-09-17 01:08:00+00:00,-85.66135578082105,0.0
2025-09-17 01:09:00+00:00,-57.52090906485243,0.0
2025-09-17 01:10:00+00:00,-84.84900946011282,0.0
2025-09-17 01:11:00+00:00,42.115370380300675,0.0
2025-09-17 01:12:00+00:00,-83.97811663294279,0.0
2025-09-17 01:13:00+00:00,-39.54869516923145,0.0
2025-09-17 01:14:00+00:00,-36.48976504411061,0.0
2025-09-17 01:15:00+00:00,-27.420749734055477,0.0
2025-09-17 01:16:00+00:00,69.30617432070326,0.0
2025-09-17 01:17:00+00:00,-69.85235499617005,0.0
2025-09-17 01:18:00+00:00,19.092133913944707,0.0
2025-09-17 01:19:00+00:00,99.63067325570998,0.0
2025-09-17 01:20:00+00:00,21.392314518827064,0.0
2025-09-17 01:21:00+00:00,-73.53027163043171,0.0
2025-09-17 01:22:00+00:00,16.649216779614505,0.0
2025-09-17 01:23:00+00:00,-85.01889762532593,0.0
2025-09-17 01:24:00+00:00,77.0828175135045,0.0
2025-09-17 01:25:00+00:00,21.11100557010485,0.0
2025-09-17 01:26:00+00:00,16.726785351012353,0.0
2025-09-17 01:27:00+00:00,99.36792792408053,0.0
2025-09-17 01:28:00+00:00,-26.789058081646317,0.0
2025-09-17 01:29:00+00:00,94.54105000123667,0.0
2025-09-17 01:30:00+00:00,-26.789777926552304,0.0
2025-09-17 01:31:00+00:00,-7.603506275179498,0.0
2025-09-17 01:32:00+00:00,-93.69953353750876,0.0
2025-09-17 01:33:00+00:00,43.96936235214821,0.0
2025-09-17 01:34:00+00:00,-14.249716259808338,0.0
2025-09-17 01:35:00+00:00,51.58461708634454,0.0
2025-09-17 01:36:00+00:00,-88.5589836611289,0.0
2025-09-17 01:37:00+00:00,-24.21887384069312,0.0
2025-09-17 01:38:00+00:00,92.90010641588105,0.0
2025-09-17 01:39:00+00:00,-62.312869978887406,0.0
2025-09-17 01:40:00+00:00,75.40652186250318,0.0
2025-09-17 01:41:00+00:00,48.42815112461878,0.0
2025-09-17 01:42:00+00:00,-34.85474601569038,0.0
2025-09-17 01:43:00+00:00,-85.03821814927532,0.0
2025-09-17 01:44:00+00:00,65.76104533305966,0.0
2025-09-17 01:45:00+00:00,-12.139964130010128,0.0
2025-09-17 01:46:00+00:00,-26.04729516483127,0.0
2025-09-17 01:47:00+00:00,-74.70494232041618,0.0
2025-09-17 01:48:00+00:00,87.20154900608114,0.0
2025-09-17 01:49:00+00:00,-8.399993522117796,0.0
2025-09-17 01:50:00+00:00,-34.65019121492384,0.0
2025-09-17 01:51:00+00:00,-79.5783248932008,0.0
2025-09-17 01:52:00+00:00,48.16635107465942,0.0
2025-09-17 01:53:00+00:00,46.03111575616339,0.0
2025-09-17 01:54:00+00:00,6.383467717909539,0.0
2025-09-17 01:55:00+00:00,47.90552110231795,0.0
2025-09-17 01:56:00+00:00,-76.34247581883628,0.0
2025-09-17 01:57:00+00:00,96.95791370178992,0.0
2025-09-17 01:58:00+00:00,6.9587913141366755,0.0
2025-09-17 01:59:00+00:00,-16.148296856725338,0.0
2025-09-17 02:00:00+00:00,79.81706652086345,0.0
2025-09-17 02:01:00+00:00,-44.90341589900262,0.0
2025-09-17 02:02:00+00:00,-14.883103031853452,0.0
2025-09-17 02:03:00+00:00,-69.249778618523,0.0
2025-09-17 02:04:00+00:00,-11.830159999151732,0.0
2025-09-17 02:05:00+00:00,-65.27517450000644,0.0
2025-09-17 02:06:00+00:00,78.28782408017025,0.0
2025-09-17 02:07:00+00:00,44.897519578365234,0.0
2025-09-17 02:08:00+00:00,92.65814969718602,0.0
2025-09-17 02:09:00+00:00,-16.628135513613685,0.0
2025-09-17 02:10:00+00:00,27.479046111412345,0.0
2025-09-17 02:11:00+00:00,7.535557301560459,0.0
2025-09-17 02:12:00+00:00,-29.083991700596883,0.0
2025-09-17 02:13:00+00:00,96.40250168576674,0.0
2025-09-17 02:14:00+00:00,47.48535367440962,0.0
2025-09-17 02:15:00+00:00,-78.64786017884654,0.0
2025-09-17 02:16:00+00:00,39.70380482432313,0.0
2025-09-17 02:17:00+00:00,-59.7307908544878,0.0
2025-09-17 02:18:00+00:00,27.17751217075231,0.0
2025-09-17 02:19:00+00:00,-46.883197209984395,0.0
2025-09-17 02:20:00+00:00,-48.779731735275035,0.0
2025-09-17 02:21:00+00:00,-31.164443450686562,0.0
2025-09-17 02:22:00+00:00,45.28960667257215,0.0
2025-09-17 02:23:00+00:00,36.15190650613516,0.0
2025-09-17 02:24:00+00:00,-0.48568272457605133,0.0
2025-09-17 02:25:00+00:00,95.2923064316872,0.0
2025-09-17 02:26:00+00:00,26.682510573661574,0.0
2025-09-17 02:27:00+00:00,59.54518058780502,0.0
2025-09-17 02:28:00+00:00,-21.607427136355525,0.0
2025-09-17 02:29:00+00:00,97.29044215839181,0.0
2025-09-17 02:30:00+00:00,77.31560058168398,0.0
2025-09-17 02:31:00+00:00,22.383235437621863,0.0
2025-09-17 02:32:00+00:00,47.280970895261305,0.0
2025-09-17 02:33:00+00:00,54.716839594220744,0.0
2025-09-17 02:34:00+00:00,76.08443008278778,0.0
2025-09-17 02:35:00+00:00,62.460118739183514,0.0
2025-09-17 02:36:00+00:00,76.12564323480146,0.0
2025-09-17 02:37:00+00:00,-91.8690311989265,0.0
2025-09-17 02:38:00+00:00,-66.7602439632366,0.0
2025-09-17 02:39:00+00:00,3.7080483319408017,0.0
2025-09-17 02:40:00+00:00,-96.81585018726796,0.0
2025-09-17 02:41:00+00:00,-46.14679405360873,0.0
2025-09-17 02:42:00+00:00,-69.04833480946888,0.0
2025-09-17 02:43:00+00:00,-1.2331883146333098,0.0
2025-09-17 02:44:00+00:00,5.86787399207256,0.0
2025-09-17 02:45:00+00:00,-12.585824197104387,0.0
2025-09-17 02:46:00+00:00,-88.30226542837158,0.0
2025-09-17 02:47:00+00:00,36.735584744566864,0.0
2025-09-17 02:48:00+00:00,30.58979617561826,0.0
2025-09-17 02:49:00+00:00,12.217728488755753,0.0
2025-09-17 02:50:00+00:00,50.501422167521156,0.0
2025-09-17 02:51:00+00:00,-32.66667486611212,0.0
2025-09-17 02:52:00+00:00,89.48041675290574,0.0
2025-09-17 02:53:00+00:00,16.076816903927437,0.0
2025-09-17 02:54:00+00:00,40.059726247639645,0.0
2025-09-17 02:55:00+00:00,-21.99855996173187,0.0
2025-09-17 02:56:00+00:00,43.11911191064186,0.0
2025-09-17 02:57:00+00:00,-89.99736319722285,0.0
2025-09-17 02:58:00+00:00,-26.51238306320562,0.0
2025-09-17 02:59:00+00:00,-60.05959228258595,0.0
2025-09-17 03:00:00+00:00,-14.212612475880348,0.0
2025-09-17 03:01:00+00:00,37.18275827334082,0.0
2025-09-17 03:02:00+00:00,20.145770311197936,0.0
2025-09-17 03:03:00+00:00,-4.696011336949283,0.0
2025-09-17 03:04:00+00:00,28.647993681579123,0.0
2025-09-17 03:05:00+00:00,3.9341914267857874,0.0
2025-09-17 03:06:00+00:00,-59.430728035638026,0.0
2025-09-17 03:07:00+00:00,88.34326237851619,0.0
2025-09-17 03:08:00+00:00,6.944656196004701,0.0
2025-09-17 03:09:00+00:00,-62.44161710482743,0.0
2025-09-17 03:10:00+00:00,-41.23737084251615,0.0
2025-09-17 03:11:00+00:00,16.176682447354167,0.0
2025-09-17 03:12:00+00:00,-79.34734594605284,0.0
2025-09-17 03:13:00+00:00,-93.06196594824758,0.0
2025-09-17 03:14:00+00:00,-9.77063596537866,0.0
2025-09-17 03:15:00+00:00,6.606984818203301,0.0
2025-09-17 03:16:00+00:00,-84.35147541633452,0.0
2025-09-17 03:17:00+00:00,-93.56953760824302,0.0
2025-09-17 03:18:00+00:00,-79.26319386192864,0.0
2025-09-17 03:19:00+00:00,-33.293370702498564,0.0
2025-09-17 03:20:00+00:00,-42.774298993747074,0.0
2025-09-17 03:21:00+00:00,-11.062035212935939,0.0
2025-09-17 03:22:00+00:00,31.92099612965012,0.0
2025-09-17 03:23:00+00:00,56.258934508767055,0.0
2025-09-17 03:24:00+00:00,51.54840554615839,0.0
2025-09-17 03:25:00+00:00,8.733915870074838,0.0
2025-09-17 03:26:00+00:00,-8.432610168732538,0.0
2025-09-17 03:27:00+00:00,-19.343366470073803,0.0
2025-09-17 03:28:00+00:00,18.29212617954623,0.0
2025-09-17 03:29:00+00:00,-74.2825094914596,0.0
2025-09-17 03:30:00+00:00,-24.800650558012123,0.0
2025-09-17 03:31:00+00:00,-46.24370423145719,0.0
2025-09-17 03:32:00+00:00,45.5742090911622,0.0
2025-09-17 03:33:00+00:00,-93.56348553981786,0.0
2025-09-17 03:34:00+00:00,-0.765885350618916,0.0
2025-09-17 03:35:00+00:00,39.117066323852924,0.0
2025-09-17 03:36:00+00:00,63.904654162381604,0.0
2025-09-17 03:37:00+00:00,3.7207290491665788,0.0
2025-09-17 03:38:00+00:00,-77.85733417176495,0.0
2025-09-17 03:39:00+00:00,-11.086182374820112,0.0
2025-09-17 03:40:00+00:00,2.0481860743868765,0.0
2025-09-17 03:41:00+00:00,27.272196232371087,0.0
2025-09-17 03:42:00+00:00,41.67488501496413,0.0
2025-09-17 03:43:00+00:00,57.32314939762762,0.0
2025-09-17 03:44:00+00:00,-33.65311450374054,0.0
2025-09-17 03:45:00+00:00,-86.746560740209,0.0
2025-09-17 03:46:00+00:00,7.591247388724682,0.0
2025-09-17 03:47:00+00:00,87.0533786347506,0.0
2025-09-17 03:48:00+00:00,-94.36906082663172,0.0
2025-09-17 03:49:00+00:00,29.251707805586165,0.0
2025-09-17 03:50:00+00:00,10.011841714228623,0.0
2025-09-17 03:51:00+00:00,2.457800175555988,0.0
2025-09-17 03:52:00+00:00,72.4673483948635,0.0
2025-09-17 03:53:00+00:00,-51.52017098176391,0.0
2025-09-17 03:54:00+00:00,11.493702094854072,0.0
2025-09-17 03:55:00+00:00,-63.12223027205135,0.0
2025-09-17 03:56:00+00:00,-58.47229353103322,0.0
2025-09-17 03:57:00+00:00,16.979358531087342,0.0
2025-09-17 03:58:00+00:00,-3.9988885635786175,0.0
2025-09-17 03:59:00+00:00,-30.888244740434814,0.0
2025-09-17 04:00:00+00:00,-30.505288263111524,0.0
2025-09-17 04:01:00+00:00,-61.37604029727457,0.0
2025-09-17 04:02:00+00:00,13.744209103625622,0.0
2025-09-17 04:03:00+00:00,-32.15346281964004,0.0
2025-09-17 04:04:00+00:00,67.18681402196174,0.0
2025-09-17 04:05:00+00:00,-29.24695430849968,0.0
2025-09-17 04:06:00+00:00,-7.369119595784596,0.0
2025-09-17 04:07:00+00:00,-89.70870850827156,0.0
2025-09-17 04:08:00+00:00,-4.681863509553352,0.0
2025-09-17 04:09:00+00:00,-33.93210266305722,0.0
2025-09-17 04:10:00+00:00,-68.5690127310462,0.0
2025-09-17 04:11:00+00:00,-32.686824711146926,0.0
2025-09-17 04:12:00+00:00,43.58493098149299,0.0
2025-09-17 04:13:00+00:00,-20.41482822898874,0.0
2025-09-17 04:14:00+00:00,-17.067926231487945,0.0
2025-09-17 04:15:00+00:00,18.50672284987462,0.0
2025-09-17 04:16:00+00:00,-80.51464556097281,0.0
2025-09-17 04:17:00+00:00,-52.69256311248534,0.0
2025-09-17 04:18:00+00:00,16.175831209215843,0.0
2025-09-17 04:19:00+00:00,-0.7715046216921309,0.0
2025-09-17 04:20:00+00:00,69.66219689516814,0.0
2025-09-17 04:21:00+00:00,9.317512490459308,0.0
2025-09-17 04:22:00+00:00,67.55455006064838,0.0
2025-09-17 04:23:00+00:00,-62.432029808768476,0.0
2025-09-17 04:24:00+00:00,59.34087770771444,0.0
2025-09-17 04:25:00+00:00,-33.36029404049769,0.0
2025-09-17 04:26:00+00:00,-28.885139092026193,0.0
2025-09-17 04:27:00+00:00,80.11346400599712,0.0
2025-09-17 04:28:00+00:00,45.459625203208105,0.0
2025-09-17 04:29:00+00:00,43.620059766271396,0.0
2025-09-17 04:30:00+00:00,-21.829699245050676,0.0
2025-09-17 04:31:00+00:00,-8.688249206733659,0.0
2025-09-17 04:32:00+00:00,78.07174352871093,0.0
2025-09-17 04:33:00+00:00,52.54176327670979,0.0
2025-09-17 04:34:00+00:00,-77.61054113779578,0.0
2025-09-17 04:35:00+00:00,-9.775513858154312,0.0
2025-09-17 04:36:00+00:00,37.40887212687076,0.0
2025-09-17 04:37:00+00:00,-10.170101931906615,0.0
2025-09-17 04:38:00+00:00,94.13216670294807,0.0
2025-09-17 04:39:00+00:00,-62.98267821319126,0.0
2025-09-17 04:40:00+00:00,31.969018901669443,0.0
2025-09-17 04:41:00+00:00,70.02678048272102,0.0
2025-09-17 04:42:00+00:00,-4.888857633733764,0.0
2025-09-17 04:43:00+00:00,-85.56522433477862,0.0
2025-09-17 04:44:00+00:00,62.40367365614782,0.0
2025-09-17 04:45:00+00:00,-96.44475362454965,0.0
2025-09-17 04:46:00+00:00,63.9715909788041,0.0
2025-09-17 04:47:00+00:00,89.45550424733156,0.0
2025-09-17 04:48:00+00:00,99.46498926584067,0.0
2025-09-17 04:49:00+00:00,28.434010611266928,0.0
2025-09-17 04:50:00+00:00,-39.92897953816219,0.0
2025-09-17 04:51:00+00:00,-67.17834413295627,0.0
2025-09-17 04:52:00+00:00,77.3174795629227,0.0
2025-09-17 04:53:00+00:00,52.25728216057988,0.0
2025-09-17 04:54:00+00:00,-37.99998047136355,0.0
2025-09-17 04:55:00+00:00,45.95556480634161,0.0
2025-09-17 04:56:00+00:00,-85.60713675198863,0.0
2025-09-17 04:57:00+00:00,-53.81208778754745,0.0
2025-09-17 04:58:00+00:00,-69.20043221477745,0.0
2025-09-17 04:59:00+00:00,-93.60966349907187,0.0
2025-09-17 05:00:00+00:00,64.43855508373889,0.0
2025-09-17 05:01:00+00:00,-68.10384904588243,0.0
2025-09-17 05:02:00+00:00,-3.135292464325886,0.0
2025-09-17 05:03:00+00:00,-62.10841345977216,0.0
2025-09-17 05:04:00+00:00,-34.34134247345983,0.0
2025-09-17 05:05:00+00:00,-33.44671518524302,0.0
2025-09-17 05:06:00+00:00,20.687165918749173,0.0
2025-09-17 05:07:00+00:00,12.968989450143269,0.0
2025-09-17 05:08:00+00:00,96.84506671725629,0.0
2025-09-17 05:09:00+00:00,-93.4703903578945,0.0
2025-09-17 05:10:00+00:00,-41.3591590822606,0.0
2025-09-17 05:11:00+00:00,71.9715679142611,0.0
2025-09-17 05:12:00+00:00,-32.417860409188435,0.0
2025-09-17 05:13:00+00:00,92.40444967157367,0.0
2025-09-17 05:14:00+00:00,-0.7855336517649221,0.0
2025-09-17 05:15:00+00:00,-50.32809809177374,0.0
2025-09-17 05:16:00+00:00,81.97028219553331,0.0
2025-09-17 05:17:00+00:00,-1.787889939213244,0.0
2025-09-17 05:18:00+00:00,15.809101152901988,0.0
2025-09-17 05:19:00+00:00,-32.45774403776696,0.0
2025-09-17 05:20:00+00:00,-43.77881027525143,0.0
2025-09-17 05:21:00+00:00,88.30620766926234,0.0
2025-09-17 05:22:00+00:00,86.97037127860042,0.0
2025-09-17 05:23:00+00:00,-79.62273556548716,0.0
2025-09-17 05:24:00+00:00,-64.89288149766594,0.0
2025-09-17 05:25:00+00:00,22.864270571975,0.0
2025-09-17 05:26:00+00:00,56.45155164677834,0.0
2025-09-17 05:27:00+00:00,-25.42516618187011,0.0
2025-09-17 05:28:00+00:00,-40.37781567533705,0.0
2025-09-17 05:29:00+00:00,74.26307505356417,0.0
2025-09-17 05:30:00+00:00,-10.507807104710665,0.0
2025-09-17 05:31:00+00:00,-41.63540542263584,0.0
2025-09-17 05:32:00+00:00,89.27585385637664,0.0
2025-09-17 05:33:00+00:00,13.195956478180463,0.0
2025-09-17 05:34:00+00:00,-70.96888106169948,0.0
2025-09-17 05:35:00+00:00,51.024553638913176,0.0
2025-09-17 05:36:00+00:00,76.01943800535597,0.0
2025-09-17 05:37:00+00:00,-22.34548101329301,0.0
2025-09-17 05:38:00+00:00,-39.506853088800355,0.0
2025-09-17 05:39:00+00:00,48.76134956346837,0.0
2025-09-17 05:40:00+00:00,92.9525659342606,0.0
2025-09-17 05:41:00+00:00,-65.52366682124165,0.0
2025-09-17 05:42:00+00:00,28.666263336013287,0.0
2025-09-17 05:43:00+00:00,57.096523217293395,0.0
2025-09-17 05:44:00+00:00,44.840811256101176,0.0
2025-09-17 05:45:00+00:00,-85.06622571403497,0.0
2025-09-17 05:46:00+00:00,-23.12743771921997,0.0
2025-09-17 05:47:00+00:00,-4.131417715215775,0.0
2025-09-17 05:48:00+00:00,94.685929310815,0.0
2025-09-17 05:49:00+00:00,-61.407632148906124,0.0
2025-09-17 05:50:00+00:00,-2.0432253080367957,0.0
2025-09-17 05:51:00+00:00,31.18218549639505,0.0
2025-09-17 05:52:00+00:00,-5.257278786274597,0.0
2025-09-17 05:53:00+00:00,30.684681606103453,0.0
2025-09-17 05:54:00+00:00,62.90803865929297,0.0
2025-09-17 05:55:00+00:00,-19.1354478868345,0.0
2025-09-17 05:56:00+00:00,25.08136603608277,0.0
2025-09-17 05:57:00+00:00,91.49996010282987,0.0
2025-09-17 05:58:00+00:00,91.59228444094646,0.0
2025-09-17 05:59:00+00:00,44.05493350728577,0.0
2025-09-17 06:00:00+00:00,-9.682831706562382,0.0
2025-09-17 06:01:00+00:00,56.33150703830802,0.0
2025-09-17 06:02:00+00:00,81.79822371171076,0.0
2025-09-17 06:03:00+00:00,-85.79350194067756,0.0
2025-09-17 06:04:00+00:00,10.79785318444992,0.0
2025-09-17 06:05:00+00:00,-46.767871991652285,0.0
2025-09-17 06:06:00+00:00,4.790763013886163,0.0
2025-09-17 06:07:00+00:00,34.75151701586759,0.0
2025-09-17 06:08:00+00:00,-33.24270445195614,0.0
2025-09-17 06:09:00+00:00,86.55677487895721,0.0
2025-09-17 06:10:00+00:00,85.2612372797681,0.0
2025-09-17 06:11:00+00:00,-97.91300968799395,0.0
2025-09-17 06:12:00+00:00,-94.74764337879229,0.0
2025-09-17 06:13:00+00:00,-59.09278130817559,0.0
2025-09-17 06:14:00+00:00,30.03724206649025,0.0
2025-09-17 06:15:00+00:00,-41.63075632437945,0.0
2025-09-17 06:16:00+00:00,36.9937654575526,0.0
2025-09-17 06:17:00+00:00,-58.28184653448345,0.0
2025-09-17 06:18:00+00:00,49.896277466833595,0.0
2025-09-17 06:19:00+00:00,-18.466931920986767,0.0
2025-09-17 06:20:00+00:00,-11.488206571757644,0.0
2025-09-17 06:21:00+00:00,-9.95492264222355,0.0
2025-09-17 06:22:00+00:00,-61.97398649847656,0.0
2025-09-17 06:23:00+00:00,-77.31452485308294,0.0
2025-09-17 06:24:00+00:00,47.90344265811436,0.0
2025-09-17 06:25:00+00:00,9.856870789656625,0.0
2025-09-17 06:26:00+00:00,-15.26230497212191,0.0
2025-09-17 06:27:00+00:00,-62.21818725843544,0.0
2025-09-17 06:28:00+00:00,-38.04100229404055,0.0
2025-09-17 06:29:00+00:00,34.584371778594914,0.0
2025-09-17 06:30:00+00:00,-36.4747322312708,0.0
2025-09-17 06:31:00+00:00,9.859581158803493,0.0
2025-09-17 06:32:00+00:00,21.360529000590603,0.0
2025-09-17 06:33:00+00:00,92.03714902866159,0.0
2025-09-17 06:34:00+00:00,-49.15362049547938,0.0
2025-09-17 06:35:00+00:00,71.80206656239568,0.0
2025-09-17 06:36:00+00:00,-3.8799724555631343,0.0
2025-09-17 06:37:00+00:00,-33.69102800277571,0.0
2025-09-17 06:38:00+00:00,-1.341631387506908,0.0
2025-09-17 06:39:00+00:00,-33.72879466497392,0.0
2025-09-17 06:40:00+00:00,-20.874051205464212,0.0
2025-09-17 06:41:00+00:00,84.60448953755807,0.0
2025-09-17 06:42:00+00:00,90.20278131428495,0.0
2025-09-17 06:43:00+00:00,77.60298041906552,0.0
2025-09-17 06:44:00+00:00,40.91532051901612,0.0
2025-09-17 06:45:00+00:00,62.493570459647685,0.0
2025-09-17 06:46:00+00:00,-45.08389017182679,0.0
2025-09-17 06:47:00+00:00,-62.52452353368998,0.0
2025-09-17 06:48:00+00:00,-3.633245363733394,0.0
2025-09-17 06:49:00+00:00,94.87772007386661,0.0
2025-09-17 06:50:00+00:00,-88.83383130338389,0.0
2025-09-17 06:51:00+00:00,-33.323934329896844,0.0
2025-09-17 06:52:00+00:00,-91.4031727992016,0.0
2025-09-17 06:53:00+00:00,33.883865914242875,0.0
2025-09-17 06:54:00+00:00,60.647429095320206,0.0
2025-09-17 06:55:00+00:00,-42.02420394499753,0.0
2025-09-17 06:56:00+00:00,71.45970860069656,0.0
2025-09-17 06:57:00+00:00,5.346529432727493,0.0
2025-09-17 06:58:00+00:00,-30.748188780741543,0.0
2025-09-17 06:59:00+00:00,30.360025392587232,0.0
2025-09-17 07:00:00+00:00,-10.06547883514996,0.0
2025-09-17 07:01:00+00:00,97.1646986589198,0.0
2025-09-17 07:02:00+00:00,-22.880160400760488,0.0
2025-09-17 07:03:00+00:00,62.236442025902875,0.0
2025-09-17 07:04:00+00:00,-55.07456478049899,0.0
2025-09-17 07:05:00+00:00,-21.81909151559975,0.0
2025-09-17 07:06:00+00:00,2.375017746633759,0.0
2025-09-17 07:07:00+00:00,-29.117505397611126,0.0
2025-09-17 07:08:00+00:00,-62.70266065656609,0.0
2025-09-17 07:09:00+00:00,5.801362075013188,0.0
2025-09-17 07:10:00+00:00,16.011357688919347,0.0
2025-09-17 07:11:00+00:00,-20.558784002206835,0.0
2025-09-17 07:12:00+00:00,-73.6153475635319,0.0
2025-09-17 07:13:00+00:00,-76.06352614071936,0.0
2025-09-17 07:14:00+00:00,-34.04412157795673,0.0
2025-09-17 07:15:00+00:00,10.83756220022785,0.0
2025-09-17 07:16:00+00:00,-12.04804119145804,0.0
2025-09-17 07:17:00+00:00,72.0303552116014,0.0
2025-09-17 07:18:00+00:00,2.896080637282779,0.0
2025-09-17 07:19:00+00:00,97.79378837186303,0.0
2025-09-17 07:20:00+00:00,24.054497423944426,0.0
2025-09-17 07:21:00+00:00,45.771690691525805,0.0
2025-09-17 07:22:00+00:00,72.81180078769657,0.0
2025-09-17 07:23:00+00:00,-53.047742095960814,0.0
2025-09-17 07:24:00+00:00,-44.06300577942703,0.0
2025-09-17 07:25:00+00:00,62.85135899196311,0.0
2025-09-17 07:26:00+00:00,-66.07456283967367,0.0
2025-09-17 07:27:00+00:00,44.36410614581243,0.0
2025-09-17 07:28:00+00:00,6.902242806216677,0.0
2025-09-17 07:29:00+00:00,-79.80187509426548,0.0
2025-09-17 07:30:00+00:00,4.29950351331145,0.0
2025-09-17 07:31:00+00:00,-4.487518101981735,0.0
2025-09-17 07:32:00+00:00,-37.75959456733398,0.0
2025-09-17 07:33:00+00:00,56.29482088123336,0.0
2025-09-17 07:34:00+00:00,32.77815926199773,0.0
2025-09-17 07:35:00+00:00,29.530906902565533,0.0
2025-09-17 07:36:00+00:00,-58.638878247781065,0.0
2025-09-17 07:37:00+00:00,61.03553580029731,0.0
2025-09-17 07:38:00+00:00,-43.98700097845529,0.0
2025-09-17 07:39:00+00:00,43.13576510386105,0.0
2025-09-17 07:40:00+00:00,23.36027028686823,0.0
2025-09-17 07:41:00+00:00,16.90124960483719,0.0
2025-09-17 07:42:00+00:00,8.162785334708929,0.0
2025-09-17 07:43:00+00:00,-48.46160557837669,0.0
2025-09-17 07:44:00+00:00,82.13975238806844,0.0
2025-09-17 07:45:00+00:00,60.07090296665365,0.0
2025-09-17 07:46:00+00:00,72.41269629693966,0.0
2025-09-17 07:47:00+00:00,39.83533993587437,0.0
2025-09-17 07:48:00+00:00,-23.33737131658704,0.0
2025-09-17 07:49:00+00:00,2.6093838681078694,0.0
2025-09-17 07:50:00+00:00,-75.97739849997016,0.0
2025-09-17 07:51:00+00:00,-71.72701925624216,0.0
2025-09-17 07:52:00+00:00,80.99419234320524,0.0
2025-09-17 07:53:00+00:00,20.852900036500557,0.0
2025-09-17 07:54:00+00:00,-44.85352636720181,0.0
2025-09-17 07:55:00+00:00,-6.131407871500173,0.0
2025-09-17 07:56:00+00:00,-25.11794692688231,0.0
2025-09-17 07:57:00+00:00,-75.51734819222627,0.0
2025-09-17 07:58:00+00:00,49.44625400750709,0.0
2025-09-17 07:59:00+00:00,30.61500742068401,0.0
2025-09-17 08:00:00+00:00,55.95686400537542,0.0
2025-09-17 08:01:00+00:00,19.057792335131026,0.0
2025-09-17 08:02:00+00:00,-25.173842275909706,0.0
2025-09-17 08:03:00+00:00,73.37231129136853,0.0
2025-09-17 08:04:00+00:00,-11.543174644981093,0.0
2025-09-17 08:05:00+00:00,21.555113985586587,0.0
2025-09-17 08:06:00+00:00,-21.753537239090875,0.0
2025-09-17 08:07:00+00:00,19.41920999978801,0.0
2025-09-17 08:08:00+00:00,-25.669422062120645,0.0
2025-09-17 08:09:00+00:00,72.18128192064742,0.0
2025-09-17 08:10:00+00:00,-9.616611538457505,0.0
2025-09-17 08:11:00+00:00,-95.5701124608853,0.0
2025-09-17 08:12:00+00:00,82.42504302197702,0.0
2025-09-17 08:13:00+00:00,28.920657932837827,0.0
2025-09-17 08:14:00+00:00,-79.58304910651246,0.0
2025-09-17 08:15:00+00:00,-46.08570615866323,0.0
2025-09-17 08:16:00+00:00,98.10823298702738,0.0
2025-09-17 08:17:00+00:00,-73.98773098836259,0.0
2025-09-17 08:18:00+00:00,25.4006988968615,0.0
2025-09-17 08:19:00+00:00,38.40770779890511,0.0
2025-09-17 08:20:00+00:00,64.7709992853886,0.0
2025-09-17 08:21:00+00:00,11.129626998683335,0.0
2025-09-17 08:22:00+00:00,-54.34898302439264,0.0
2025-09-17 08:23:00+00:00,-15.219424104827866,0.0
2025-09-17 08:24:00+00:00,-72.1721864589901,0.0
2025-09-17 08:25:00+00:00,-59.230018048139144,0.0
2025-09-17 08:26:00+00:00,3227.3670063915793,56.666666666666664
2025-09-17 08:27:00+00:00,3443.8462643223497,114.46666666666667
2025-09-17 08:28:00+00:00,3709.59263900778,173.4
2025-09-17 08:29:00+00:00,3393.4529809521337,233.4666666666667
2025-09-17 08:30:00+00:00,3712.4408731366802,294.6666666666667
2025-09-17 08:31:00+00:00,3908.0074494165897,357.0
2025-09-17 08:32:00+00:00,3686.6899626429695,420.4666666666667
2025-09-17 08:33:00+00:00,3719.5480603498477,485.0666666666667
2025-09-17 08:34:00+00:00,4060.1241248196416,550.8000000000001
2025-09-17 08:35:00+00:00,4251.089208666874,617.6666666666667
2025-09-17 08:36:00+00:00,3913.1167020371427,685.6666666666667
2025-09-17 08:37:00+00:00,4317.802318489947,754.8000000000001
2025-09-17 08:38:00+00:00,4041.7551104354698,825.0666666666667
2025-09-17 08:39:00+00:00,4288.511335564676,896.4666666666667
2025-09-17 08:40:00+00:00,4277.230357682859,969.0
2025-09-17 08:41:00+00:00,4335.460642332357,1042.6666666666667
2025-09-17 08:42:00+00:00,4516.88115974147,1117.4666666666667
2025-09-17 08:43:00+00:00,4330.410336795998,1193.4
2025-09-17 08:44:00+00:00,4499.09526081069,1270.4666666666667
2025-09-17 08:45:00+00:00,4759.290547501474,1348.6666666666667
2025-09-17 08:46:00+00:00,4720.6883842126335,1428.0
2025-09-17 08:47:00+00:00,4962.60470477943,1508.4666666666667
2025-09-17 08:48:00+00:00,4958.8734195844745,1590.0666666666666
2025-09-17 08:49:00+00:00,4867.637286463453,1672.8
2025-09-17 08:50:00+00:00,4846.334658088389,1756.6666666666667
2025-09-17 08:51:00+00:00,5170.078662536629,1841.6666666666667
2025-09-17 08:52:00+00:00,5162.045595962174,1927.8000000000002
2025-09-17 08:53:00+00:00,5206.784192124986,2015.0666666666668
2025-09-17 08:54:00+00:00,5280.288219327065,2103.4666666666667
2025-09-17 08:55:00+00:00,5287.480812265779,2193.0
2025-09-17 08:56:00+00:00,5717.079758599926,2283.6666666666665
2025-09-17 08:57:00+00:00,5811.5801074768115,2375.4666666666667
2025-09-17 08:58:00+00:00,5526.451130598439,2468.4
2025-09-17 08:59:00+00:00,5934.4613742170095,2562.4666666666667
2025-09-17 09:00:00+00:00,5858.49426086907,2657.6666666666665
2025-09-17 09:01:00+00:00,5973.513257033475,2754.0
2025-09-17 09:02:00+00:00,6057.103424498533,2851.4666666666667
2025-09-17 09:03:00+00:00,5893.697535208362,2950.0666666666666
2025-09-17 09:04:00+00:00,5833.3446461618805,3049.7999999999997
2025-09-17 09:05:00+00:00,5943.6524968398935,3150.6666666666665
2025-09-17 09:06:00+00:00,6113.859393356192,3252.6666666666665
2025-09-17 09:07:00+00:00,6193.025872206518,3355.7999999999997
2025-09-17 09:08:00+00:00,5983.0929502532845,3460.0666666666666
2025-09-17 09:09:00+00:00,6295.341386348668,3565.4666666666667
2025-09-17 09:10:00+00:00,6575.568952267186,3672.0
2025-09-17 09:11:00+00:00,6675.593398849887,3779.6666666666665
2025-09-17 09:12:00+00:00,6531.243328245325,3888.4666666666667
2025-09-17 09:13:00+00:00,6552.020559883032,3998.4
2025-09-17 09:14:00+00:00,6759.763811312846,4109.466666666667
2025-09-17 09:15:00+00:00,6518.658357802281,4221.666666666667
2025-09-17 09:16:00+00:00,6548.643662755753,4335.0
2025-09-17 09:17:00+00:00,7182.641189150065,4449.466666666666
2025-09-17 09:18:00+00:00,6669.508072597422,4565.066666666667
2025-09-17 09:19:00+00:00,7090.398807921397,4681.8
2025-09-17 09:20:00+00:00,7292.396438106719,4799.666666666667
2025-09-17 09:21:00+00:00,7066.590048499906,4918.666666666667
2025-09-17 09:22:00+00:00,7627.70677691912,5038.8
2025-09-17 09:23:00+00:00,7527.333288713103,5160.066666666667
2025-09-17 09:24:00+00:00,7652.690272326488,5282.466666666666
2025-09-17 09:25:00+00:00,7406.919740805012,5406.0
2025-09-17 09:26:00+00:00,7690.782666657371,5530.666666666667
2025-09-17 09:27:00+00:00,7472.8275267401805,5656.466666666667
2025-09-17 09:28:00+00:00,7431.199971484844,5783.400000000001
2025-09-17 09:29:00+00:00,7802.1795761672975,5911.466666666667
2025-09-17 09:30:00+00:00,7604.549137626444,6040.666666666667
2025-09-17 09:31:00+00:00,8193.569591184005,6171.0
2025-09-17 09:32:00+00:00,7751.122398262106,6302.466666666666
2025-09-17 09:33:00+00:00,8045.37889365911,6435.066666666667
2025-09-17 09:34:00+00:00,7903.679577352264,6568.8
2025-09-17 09:35:00+00:00,8225.695327982417,6703.666666666667
2025-09-17 09:36:00+00:00,8300.329627142162,6839.666666666667
2025-09-17 09:37:00+00:00,7979.379404116289,6976.8
2025-09-17 09:38:00+00:00,8106.925824821477,7115.066666666667
2025-09-17 09:39:00+00:00,8048.674608487268,7254.466666666666
2025-09-17 09:40:00+00:00,8463.254803111942,7395.0
2025-09-17 09:41:00+00:00,8234.90354382346,7536.666666666667
2025-09-17 09:42:00+00:00,8616.432553942157,7673.758767901105
2025-09-17 09:43:00+00:00,8258.685241613488,7806.455674979546
2025-09-17 09:44:00+00:00,8105.031529915718,7934.929725929881
2025-09-17 09:45:00+00:00,7656.460504580935,8059.346501309273
2025-09-17 09:46:00+00:00,7062.168489400417,8179.865089168371
2025-09-17 09:47:00+00:00,6803.143119101664,8296.638339626135
2025-09-17 09:48:00+00:00,7054.714854500552,8409.813109462637
2025-09-17 09:49:00+00:00,6418.3248223964965,8519.530497121234
2025-09-17 09:50:00+00:00,6266.658229446713,8625.926068496186
2025-09-17 09:51:00+00:00,6060.7288893590085,8729.13007386701
2025-09-17 09:52:00+00:00,6274.586429151732,8829.26765632671
2025-09-17 09:53:00+00:00,5909.951572947928,8926.459052037428
2025-09-17 09:54:00+00:00,5472.635720008046,9020.819782633951
2025-09-17 09:55:00+00:00,5544.451041435828,9112.46084008298
2025-09-17 09:56:00+00:00,5214.500873673774,9201.48886429395
2025-09-17 09:57:00+00:00,5508.0200579088005,9288.006313765638
2025-09-17 09:58:00+00:00,5176.1271769914665,9372.111629541623
2025-09-17 09:59:00+00:00,5163.757653677773,9453.899392736954
2025-09-17 10:00:00+00:00,4978.151025385092,9533.46047588811
2025-09-17 10:01:00+00:00,4629.300764065409,9610.882188368452
2025-09-17 10:02:00+00:00,4342.33101382028,9686.248416101846
2025-09-17 10:03:00+00:00,4191.253664487023,9759.63975579803
2025-09-17 10:04:00+00:00,4215.28665916359,9831.133643924557
2025-09-17 10:05:00+00:00,4231.830966731166,9900.804480621653
2025-09-17 10:06:00+00:00,3969.692899322412,9968.72374875832
2025-09-17 10:07:00+00:00,4141.915836186473,10034.96012832018
2025-09-17 10:08:00+00:00,4040.8485316497176,10099.579606312089
2025-09-17 10:09:00+00:00,3814.019014818198,10162.645582351442
2025-09-17 10:10:00+00:00,3642.978801584354,10224.21897012108
2025-09-17 10:11:00+00:00,3626.013711660393,10284.358294844169
2025-09-17 10:12:00+00:00,3384.8070355116365,10343.119786937059
2025-09-17 10:13:00+00:00,3474.895415745595,10400.557471989932
2025-09-17 10:14:00+00:00,3254.2377371415496,10456.72325721928
2025-09-17 10:15:00+00:00,3144.4944103223706,10511.667014530529
2025-09-17 10:16:00+00:00,3199.499388240456,10565.436660323716
2025-09-17 10:17:00+00:00,3370.740145768268,10618.078232169963
2025-09-17 10:18:00+00:00,3034.1723391053556,10669.635962481407
2025-09-17 10:19:00+00:00,2932.467813330491,10720.152349292499
2025-09-17 10:20:00+00:00,3053.365834702742,10769.66822426592
2025-09-17 10:21:00+00:00,3076.1903900559564,10818.222818031963
2025-09-17 10:22:00+00:00,2913.8549766159076,10865.8538229659
2025-09-17 10:23:00+00:00,2762.5478426237833,10912.597453503831
2025-09-17 10:24:00+00:00,2862.7695445274962,10958.488504093506
2025-09-17 10:25:00+00:00,2656.08574347896,11003.560404872862
2025-09-17 10:26:00+00:00,2554.133599329086,11047.84527516538
